id,reviews_scores_accuracy,allows_children,allows_infants,allows_pets,reviews_scores_avg_rating,bathrooms,bedrooms,beds,can_instant_book,cancel_policy,reviews_scores_checkin,city,cleaning_fee,reviews_scores_cleanliness,reviews_scores_communication,is_new_listing,is_super_host,reviews_scores_location,max_nights,min_nights,monthly_price_factor,person_capacity,picture_count,price_string,response_rate,response_time,reviews_scores_rating,reviews_count,room_type,reviews_scores_star,reviews_scores_value,weekly_price_factor,extra_people,security,air_conditioning,balcony,nature_and_views,bed_linen,tv,coffee_machine,cooking_basics,white_goods,elevator,child_friendly,parking,outdoor_space,host_greeting,internet,long_term_stays,private_entrance,paikkakunnat
22858494,,1.0,1.0,0.0,4.5-5.0/5.0,0.5,0.0,1.0,1,CANCEL_STRICT_14_WITH_GRACE_PERIOD,,Helsinki,0,,,0,0,,1125,1,0.0,2,17,38,100%,within an hour,,365,Entire home/apt,3.6-4.4/5.0,,0.9,0,0,0.0,0.0,0.0,1.0,0.0,0.0,0.0,0.0,1.0,0.0,0.0,0.0,0.0,1.0,0.0,1.0,Kamppi
16501244,,1.0,1.0,0.0,4.5-5.0/5.0,1.5,1.0,3.0,0,CANCEL_MODERATE,,Helsinki,0,,,0,1,,60,1,0.8,7,22,58,100%,within an hour,,327,Entire home/apt,4.5-5.0/5.0,,0.88,8,217,0.0,0.0,0.0,1.0,1.0,1.0,1.0,1.0,0.0,0.0,1.0,0.0,1.0,1.0,1.0,0.0,Kamppi
28982354,,1.0,1.0,0.0,4.5-5.0/5.0,1.0,1.0,1.0,1,CANCEL_STRICT_14_WITH_GRACE_PERIOD,,Helsinki,0,,,0,1,,6,1,0.0,3,3,26,50-89%,within an hour,,115,Shared room,4.5-5.0/5.0,,0.0,0,0,0.0,0.0,0.0,1.0,1.0,1.0,1.0,1.0,1.0,0.0,1.0,0.0,0.0,1.0,0.0,0.0,Ullanlinna
41969547,,1.0,1.0,0.0,no reviews,4.0,1.0,1.0,1,CANCEL_FLEXIBLE,,Helsinki,0,,,1,0,,1125,1,0.0,1,14,24,100%,within an hour,,2,Shared room,,,0.0,0,0,1.0,0.0,1.0,1.0,0.0,1.0,0.0,1.0,0.0,1.0,1.0,0.0,0.0,1.0,1.0,0.0,Siltasaari
42901953,,1.0,1.0,0.0,no reviews,1.0,1.0,2.0,1,CANCEL_FLEXIBLE,,Helsinki,11,,,1,0,,1125,1,0.9,4,13,55,100%,within a few hours,,1,Entire home/apt,,,0.9,0,2173,0.0,0.0,0.0,0.0,1.0,1.0,1.0,1.0,0.0,0.0,1.0,0.0,0.0,1.0,1.0,0.0,Kamppi
21557494,,1.0,1.0,0.0,4.5-5.0/5.0,1.0,1.0,1.0,0,CANCEL_FLEXIBLE,,Helsinki,0,,,0,1,,7,1,0.0,1,6,49,100%,within a few hours,,162,Private room,4.5-5.0/5.0,,0.0,0,0,0.0,0.0,0.0,1.0,0.0,0.0,0.0,1.0,1.0,0.0,0.0,0.0,0.0,1.0,0.0,0.0,Linjat
32799667,,1.0,1.0,0.0,4.5-5.0/5.0,1.0,0.0,2.0,1,CANCEL_MODERATE,,Helsinki,27,,,0,1,,1125,1,0.0,4,21,64,100%,within an hour,,138,Entire home/apt,4.5-5.0/5.0,,0.0,33,0,0.0,1.0,0.0,1.0,1.0,1.0,1.0,1.0,1.0,0.0,1.0,1.0,0.0,1.0,1.0,1.0,Kluuvi
18230458,,1.0,1.0,0.0,4.5-5.0/5.0,1.5,0.0,2.0,1,CANCEL_MODERATE,,Helsinki,16,,,0,1,,1125,1,0.9,2,12,76,100%,within a few hours,,76,Entire home/apt,4.5-5.0/5.0,,0.95,0,0,0.0,0.0,0.0,0.0,1.0,0.0,1.0,0.0,1.0,0.0,0.0,0.0,0.0,1.0,0.0,1.0,Etu-Töölö
25500683,,1.0,1.0,0.0,4.5-5.0/5.0,1.0,0.0,2.0,0,CANCEL_MODERATE,,Helsinki,11,,,0,1,,1125,1,0.9,3,27,77,50-89%,within a few hours,,93,Entire home/apt,4.5-5.0/5.0,,0.93,33,217,0.0,0.0,0.0,1.0,0.0,1.0,1.0,1.0,1.0,0.0,0.0,0.0,1.0,1.0,1.0,1.0,Kamppi
11468881,,1.0,1.0,0.0,4.5-5.0/5.0,1.0,0.0,1.0,1,CANCEL_MODERATE,,Helsinki,26,,,0,0,,1124,1,0.0,2,9,75,50-89%,within an hour,,503,Entire home/apt,3.6-4.4/5.0,,0.9,0,217,0.0,0.0,0.0,0.0,1.0,0.0,0.0,1.0,1.0,0.0,1.0,0.0,1.0,1.0,0.0,0.0,Ullanlinna
42403312,,1.0,1.0,0.0,4.5-5.0/5.0,1.5,1.0,1.0,1,CANCEL_FLEXIBLE,,Helsinki,0,,,0,0,,180,1,0.85,4,5,52,100%,within an hour,,3,Entire home/apt,3.6-4.4/5.0,,0.85,16,163,0.0,0.0,0.0,0.0,0.0,0.0,0.0,0.0,0.0,0.0,0.0,0.0,0.0,1.0,0.0,0.0,Linjat
11540653,,1.0,1.0,0.0,4.5-5.0/5.0,1.0,1.0,1.0,0,CANCEL_FLEXIBLE,,Helsinki,11,,,0,0,,10,1,1.0,2,14,48,100%,within a few hours,,186,Entire home/apt,3.6-4.4/5.0,,1.0,11,0,0.0,0.0,0.0,1.0,0.0,1.0,0.0,1.0,0.0,0.0,1.0,0.0,1.0,1.0,0.0,0.0,Kumpula
42922180,,1.0,1.0,0.0,no reviews,1.0,1.0,2.0,1,CANCEL_FLEXIBLE,,Helsinki,0,,,1,0,,1125,1,0.0,2,5,26,100%,unknown,,0,Private room,,,0.0,0,0,1.0,0.0,0.0,0.0,1.0,0.0,0.0,1.0,0.0,0.0,1.0,0.0,0.0,1.0,0.0,0.0,Itä-Pasila
42521388,,1.0,1.0,0.0,3.6-4.4/5.0,1.0,1.0,3.0,1,CANCEL_MODERATE,,Helsinki,0,,,0,0,,1125,1,0.69,3,11,35,100%,unknown,,6,Private room,3.6-4.4/5.0,,0.9,9,97,1.0,0.0,0.0,1.0,1.0,0.0,0.0,1.0,0.0,0.0,0.0,0.0,0.0,1.0,1.0,0.0,Itä-Pasila
39002105,,1.0,1.0,0.0,4.5-5.0/5.0,1.5,1.0,1.0,1,CANCEL_FLEXIBLE,,Helsinki,4,,,0,1,,31,1,0.9,3,10,35,0-49%,unknown,,32,Private room,3.6-4.4/5.0,,0.94,7,0,0.0,1.0,1.0,1.0,1.0,1.0,1.0,1.0,1.0,1.0,1.0,0.0,1.0,1.0,1.0,0.0,Pikku Huopalahti
30949175,,1.0,1.0,0.0,4.5-5.0/5.0,1.0,1.0,2.0,1,CANCEL_MODERATE,,Helsinki,38,,,0,0,,1125,2,0.0,4,13,122,100%,unknown,,42,Entire home/apt,3.6-4.4/5.0,,0.0,16,0,1.0,1.0,0.0,1.0,0.0,1.0,1.0,1.0,1.0,0.0,0.0,0.0,0.0,1.0,0.0,0.0,Kamppi
32034311,,1.0,1.0,0.0,4.5-5.0/5.0,1.5,1.0,2.0,1,CANCEL_FLEXIBLE,,Helsinki,9,,,0,1,,12,1,1.0,2,6,55,100%,within an hour,,65,Private room,4.5-5.0/5.0,,0.9,16,0,0.0,0.0,0.0,1.0,1.0,1.0,0.0,1.0,1.0,0.0,0.0,0.0,1.0,1.0,0.0,0.0,Taka-Töölö
43049962,10/10,1.0,1.0,0.0,no reviews,1.0,1.0,2.0,1,CANCEL_MODERATE,9/10,Helsinki,0,9/10,10/10,1,0,10/10,7,1,0.0,2,6,39,0-49%,unknown,80-94/100,1,Entire home/apt,,9/10,0.0,11,109,0.0,0.0,0.0,0.0,0.0,0.0,0.0,0.0,0.0,0.0,0.0,0.0,0.0,1.0,0.0,0.0,Vilhonvuori
28617132,10/10,1.0,1.0,0.0,4.5-5.0/5.0,1.0,0.0,1.0,1,CANCEL_MODERATE,9/10,Helsinki,0,9/10,10/10,0,0,10/10,10,1,1.0,3,22,95,0-49%,unknown,80-94/100,211,Entire home/apt,4.5-5.0/5.0,9/10,0.95,0,0,0.0,0.0,0.0,0.0,0.0,0.0,0.0,0.0,0.0,0.0,0.0,0.0,0.0,0.0,0.0,0.0,Etu-Töölö
39774805,10/10,1.0,1.0,0.0,4.5-5.0/5.0,1.5,1.0,1.0,1,CANCEL_FLEXIBLE,9/10,Helsinki,4,9/10,10/10,0,1,10/10,31,1,0.9,3,10,32,0-49%,unknown,80-94/100,27,Private room,4.5-5.0/5.0,9/10,0.94,7,0,0.0,1.0,1.0,1.0,0.0,1.0,1.0,1.0,1.0,1.0,1.0,0.0,1.0,1.0,1.0,0.0,Pikku Huopalahti
36353225,10/10,1.0,1.0,0.0,4.5-5.0/5.0,1.0,1.0,1.0,1,CANCEL_STRICT_14_WITH_GRACE_PERIOD,9/10,Helsinki,0,9/10,10/10,0,0,10/10,1125,1,1.0,2,13,58,50-89%,within an hour,80-94/100,84,Private room,4.5-5.0/5.0,9/10,0.95,0,0,0.0,0.0,0.0,1.0,1.0,1.0,1.0,1.0,0.0,0.0,0.0,0.0,1.0,1.0,0.0,0.0,Kamppi
38771885,10/10,1.0,1.0,0.0,3.6-4.4/5.0,1.0,0.0,2.0,1,CANCEL_MODERATE,9/10,Helsinki,0,9/10,10/10,0,0,10/10,1125,1,0.8,3,8,81,50-89%,unknown,80-94/100,25,Entire home/apt,3.6-4.4/5.0,9/10,0.9,5,0,0.0,1.0,0.0,0.0,1.0,1.0,1.0,1.0,1.0,0.0,1.0,0.0,0.0,1.0,1.0,0.0,Punavuori
40033351,10/10,1.0,1.0,0.0,4.5-5.0/5.0,1.5,1.0,2.0,1,CANCEL_MODERATE,9/10,Helsinki,38,9/10,10/10,0,1,10/10,1125,2,0.0,4,19,122,90-99%,unknown,80-94/100,13,Entire home/apt,4.5-5.0/5.0,9/10,0.0,16,0,0.0,1.0,0.0,1.0,1.0,1.0,1.0,1.0,1.0,1.0,1.0,0.0,0.0,1.0,1.0,1.0,Kamppi
42684617,10/10,1.0,1.0,0.0,4.5-5.0/5.0,1.5,1.0,2.0,1,CANCEL_MODERATE,9/10,Helsinki,0,9/10,10/10,0,0,10/10,1125,1,0.85,2,18,46,100%,unknown,80-94/100,4,Entire home/apt,4.5-5.0/5.0,9/10,0.9,0,0,0.0,0.0,0.0,1.0,1.0,1.0,1.0,1.0,0.0,0.0,0.0,0.0,0.0,1.0,1.0,0.0,Harju
42596142,10/10,1.0,1.0,0.0,no reviews,1.5,1.0,2.0,1,CANCEL_FLEXIBLE,9/10,Helsinki,0,9/10,10/10,1,0,10/10,1125,1,1.0,1,6,26,0-49%,unknown,80-94/100,2,Private room,,9/10,1.0,0,0,0.0,0.0,0.0,0.0,0.0,0.0,0.0,1.0,0.0,0.0,0.0,0.0,0.0,1.0,0.0,0.0,Kontula
41758970,10/10,1.0,1.0,0.0,3.6-4.4/5.0,1.0,1.0,1.0,1,CANCEL_MODERATE,9/10,Helsinki,0,9/10,10/10,0,0,10/10,1125,1,1.0,4,13,93,50-89%,within an hour,80-94/100,3,Entire home/apt,3.6-4.4/5.0,9/10,1.0,5,0,0.0,1.0,0.0,1.0,1.0,1.0,1.0,1.0,0.0,0.0,0.0,0.0,0.0,1.0,1.0,0.0,Kamppi
24045106,10/10,1.0,1.0,0.0,4.5-5.0/5.0,1.0,1.0,2.0,1,CANCEL_STRICT_14_WITH_GRACE_PERIOD,9/10,Helsinki,43,9/10,10/10,0,1,10/10,1124,1,0.85,4,11,116,100%,within an hour,80-94/100,22,Entire home/apt,4.5-5.0/5.0,9/10,0.9,16,0,0.0,0.0,0.0,1.0,1.0,1.0,1.0,1.0,1.0,0.0,0.0,0.0,0.0,1.0,1.0,0.0,Kluuvi
18521789,10/10,1.0,1.0,0.0,4.5-5.0/5.0,0.5,1.0,2.0,1,CANCEL_STRICT_14_WITH_GRACE_PERIOD,9/10,Helsinki,15,9/10,10/10,0,1,10/10,120,1,0.72,2,13,58,100%,within an hour,80-94/100,105,Private room,4.5-5.0/5.0,9/10,0.96,15,97,0.0,0.0,0.0,0.0,0.0,1.0,0.0,1.0,1.0,0.0,1.0,1.0,1.0,1.0,0.0,0.0,Alppila
33890366,10/10,1.0,1.0,0.0,4.5-5.0/5.0,1.0,0.0,3.0,0,CANCEL_MODERATE,9/10,Helsinki,22,9/10,10/10,0,1,10/10,1125,1,0.0,4,9,109,100%,within a few hours,80-94/100,130,Entire home/apt,4.5-5.0/5.0,9/10,0.0,0,0,0.0,0.0,0.0,0.0,1.0,1.0,1.0,0.0,0.0,0.0,1.0,0.0,0.0,1.0,0.0,1.0,Etu-Töölö
43064194,10/10,1.0,1.0,0.0,no reviews,1.0,1.0,2.0,1,CANCEL_FLEXIBLE,9/10,Helsinki,0,9/10,10/10,1,0,10/10,60,1,0.55,2,4,46,100%,within an hour,80-94/100,0,Private room,,9/10,0.65,0,0,0.0,0.0,0.0,0.0,0.0,0.0,0.0,1.0,0.0,0.0,0.0,0.0,1.0,1.0,0.0,0.0,Etu-Töölö
36196446,10/10,1.0,1.0,0.0,4.5-5.0/5.0,1.0,1.0,1.0,1,CANCEL_FLEXIBLE,9/10,Helsinki,0,9/10,10/10,0,0,10/10,1125,1,0.0,2,9,41,100%,within an hour,80-94/100,27,Private room,4.5-5.0/5.0,9/10,0.0,0,0,0.0,0.0,0.0,0.0,0.0,0.0,0.0,1.0,1.0,0.0,1.0,0.0,1.0,1.0,0.0,1.0,Myllypuro
34367632,10/10,1.0,1.0,0.0,4.5-5.0/5.0,1.0,1.0,2.0,1,CANCEL_STRICT_14_WITH_GRACE_PERIOD,10/10,Helsinki,38,10/10,10/10,0,0,10/10,1125,2,0.0,4,12,122,100%,within an hour,80-94/100,21,Entire home/apt,3.6-4.4/5.0,9/10,0.0,16,0,0.0,1.0,0.0,1.0,1.0,1.0,1.0,1.0,1.0,1.0,1.0,0.0,0.0,1.0,1.0,1.0,Kamppi
29644231,10/10,1.0,1.0,0.0,4.5-5.0/5.0,1.5,1.0,1.0,1,CANCEL_MODERATE,10/10,Helsinki,0,10/10,10/10,0,1,10/10,1125,1,0.8,2,16,101,100%,within an hour,80-94/100,158,Entire home/apt,4.5-5.0/5.0,9/10,0.9,0,0,0.0,0.0,0.0,1.0,1.0,1.0,1.0,1.0,0.0,0.0,1.0,0.0,1.0,1.0,0.0,0.0,Ullanlinna
3408263,10/10,1.0,1.0,0.0,4.5-5.0/5.0,1.0,0.0,1.0,1,CANCEL_MODERATE,10/10,Helsinki,26,10/10,10/10,0,0,10/10,1124,1,0.74,2,9,75,50-89%,within an hour,80-94/100,606,Entire home/apt,3.6-4.4/5.0,9/10,0.9,0,217,0.0,0.0,0.0,0.0,1.0,0.0,0.0,1.0,0.0,0.0,1.0,0.0,1.0,1.0,1.0,0.0,Vallila
4459868,10/10,1.0,1.0,0.0,4.5-5.0/5.0,1.0,0.0,3.0,1,CANCEL_FLEXIBLE,10/10,Helsinki,14,10/10,10/10,0,0,10/10,1125,1,0.8,4,22,95,0-49%,unknown,80-94/100,603,Entire home/apt,4.5-5.0/5.0,9/10,0.9,9,0,0.0,1.0,1.0,1.0,1.0,1.0,1.0,1.0,1.0,1.0,1.0,0.0,0.0,1.0,1.0,0.0,Siltasaari
38727425,10/10,1.0,1.0,0.0,4.5-5.0/5.0,1.0,1.0,1.0,0,CANCEL_FLEXIBLE,10/10,Helsinki,0,10/10,10/10,0,1,10/10,1125,1,0.0,2,6,27,50-89%,within an hour,80-94/100,52,Private room,4.5-5.0/5.0,9/10,0.0,0,0,0.0,0.0,0.0,0.0,0.0,0.0,0.0,0.0,0.0,0.0,0.0,0.0,0.0,1.0,0.0,0.0,Nordsjön kartano
39487366,10/10,1.0,1.0,0.0,4.5-5.0/5.0,1.0,1.0,0.0,1,CANCEL_FLEXIBLE,10/10,Helsinki,4,10/10,10/10,0,1,10/10,28,1,0.0,3,4,28,100%,within an hour,80-94/100,8,Private room,3.6-4.4/5.0,9/10,0.94,7,0,0.0,1.0,1.0,1.0,1.0,1.0,1.0,1.0,0.0,1.0,1.0,1.0,1.0,1.0,0.0,0.0,Meri-Rastila
31606666,10/10,1.0,1.0,0.0,4.5-5.0/5.0,1.0,1.0,1.0,1,CANCEL_MODERATE,10/10,Helsinki,43,10/10,10/10,0,0,10/10,1125,2,0.0,4,13,129,100%,unknown,80-94/100,27,Entire home/apt,4.5-5.0/5.0,9/10,0.0,16,0,0.0,0.0,0.0,0.0,1.0,1.0,1.0,1.0,1.0,0.0,0.0,0.0,0.0,1.0,0.0,0.0,Kluuvi
37905256,10/10,1.0,1.0,0.0,3.6-4.4/5.0,1.0,1.0,1.0,1,CANCEL_MODERATE,10/10,Helsinki,20,10/10,10/10,0,0,10/10,1125,1,0.0,4,6,79,50-89%,within an hour,80-94/100,49,Entire home/apt,3.6-4.4/5.0,9/10,0.95,11,0,0.0,0.0,0.0,1.0,0.0,0.0,1.0,0.0,0.0,0.0,0.0,0.0,1.0,1.0,0.0,0.0,Ullanlinna
42545597,10/10,1.0,1.0,0.0,no reviews,1.5,1.0,1.0,1,CANCEL_MODERATE,10/10,Helsinki,38,10/10,10/10,1,0,10/10,1125,2,0.0,4,16,115,100%,unknown,80-94/100,2,Entire home/apt,,9/10,0.0,16,0,0.0,1.0,0.0,1.0,1.0,1.0,1.0,1.0,0.0,1.0,1.0,0.0,0.0,1.0,1.0,0.0,Kamppi
33603361,10/10,1.0,1.0,0.0,4.5-5.0/5.0,1.0,0.0,3.0,1,CANCEL_MODERATE,10/10,Helsinki,16,10/10,10/10,0,1,10/10,1125,1,0.0,3,8,89,100%,within a few hours,80-94/100,113,Entire home/apt,4.5-5.0/5.0,9/10,0.0,0,0,0.0,0.0,0.0,0.0,1.0,1.0,1.0,0.0,0.0,0.0,0.0,0.0,1.0,1.0,0.0,1.0,Etu-Töölö
26240541,10/10,1.0,1.0,0.0,3.6-4.4/5.0,1.0,1.0,1.0,1,CANCEL_STRICT_14_WITH_GRACE_PERIOD,10/10,Helsinki,5,10/10,10/10,0,0,10/10,1125,1,1.0,2,11,39,100%,within an hour,80-94/100,84,Private room,3.6-4.4/5.0,9/10,1.0,11,0,0.0,0.0,0.0,0.0,1.0,0.0,0.0,1.0,1.0,0.0,1.0,0.0,0.0,1.0,0.0,1.0,Pihlajisto
43030513,10/10,1.0,1.0,0.0,no reviews,1.0,1.0,2.0,1,CANCEL_FLEXIBLE,10/10,Helsinki,0,10/10,10/10,1,0,10/10,1125,1,0.0,2,6,26,100%,within an hour,80-94/100,0,Private room,,9/10,0.0,0,0,1.0,0.0,0.0,0.0,1.0,0.0,0.0,1.0,0.0,0.0,1.0,0.0,1.0,1.0,0.0,0.0,Itä-Pasila
25399185,10/10,1.0,1.0,0.0,4.5-5.0/5.0,1.0,1.0,0.0,1,CANCEL_MODERATE,10/10,Helsinki,27,10/10,10/10,0,1,10/10,1125,1,0.0,4,5,96,100%,within a few hours,80-94/100,128,Entire home/apt,4.5-5.0/5.0,9/10,0.9,16,217,0.0,0.0,0.0,0.0,0.0,1.0,1.0,1.0,1.0,0.0,0.0,0.0,0.0,1.0,0.0,0.0,Kamppi
41781809,10/10,1.0,1.0,0.0,no reviews,4.0,1.0,2.0,1,CANCEL_FLEXIBLE,10/10,Helsinki,0,10/10,10/10,0,0,10/10,1125,1,0.0,2,17,55,100%,within an hour,80-94/100,0,Private room,,9/10,0.0,0,0,1.0,0.0,1.0,1.0,1.0,1.0,0.0,1.0,0.0,1.0,1.0,0.0,0.0,1.0,1.0,0.0,Vilhonvuori
17834020,10/10,1.0,1.0,0.0,4.5-5.0/5.0,0.5,0.0,1.0,1,CANCEL_FLEXIBLE,10/10,Helsinki,11,10/10,10/10,0,0,10/10,1125,1,0.85,3,19,107,100%,within an hour,80-94/100,326,Entire home/apt,3.6-4.4/5.0,9/10,0.9,11,0,0.0,0.0,0.0,1.0,1.0,1.0,1.0,1.0,1.0,0.0,1.0,0.0,1.0,1.0,1.0,0.0,Kamppi
20977238,10/10,1.0,1.0,0.0,4.5-5.0/5.0,1.0,1.0,1.0,0,CANCEL_STRICT_14_WITH_GRACE_PERIOD,10/10,Helsinki,11,10/10,10/10,0,0,10/10,1125,1,0.9,2,8,42,100%,within an hour,80-94/100,102,Private room,3.6-4.4/5.0,9/10,0.95,11,0,0.0,1.0,0.0,1.0,1.0,1.0,1.0,1.0,1.0,0.0,0.0,0.0,1.0,1.0,1.0,0.0,Ala-Malmi
11879784,10/10,1.0,1.0,0.0,4.5-5.0/5.0,1.5,0.0,1.0,0,CANCEL_MODERATE,10/10,Helsinki,0,10/10,10/10,0,1,10/10,1125,1,0.72,2,14,75,100%,within a few hours,80-94/100,26,Entire home/apt,4.5-5.0/5.0,9/10,0.87,22,0,0.0,0.0,0.0,1.0,1.0,1.0,1.0,1.0,1.0,0.0,1.0,0.0,0.0,1.0,0.0,0.0,Linjat
22055402,10/10,1.0,1.0,0.0,4.5-5.0/5.0,1.0,1.0,1.0,1,CANCEL_MODERATE,10/10,Helsinki,10,10/10,10/10,0,1,10/10,30,1,1.0,2,11,56,100%,within an hour,80-94/100,119,Private room,4.5-5.0/5.0,9/10,1.0,0,0,1.0,1.0,0.0,1.0,1.0,1.0,1.0,1.0,1.0,0.0,0.0,0.0,1.0,1.0,1.0,0.0,Herttoniemenranta
37514841,10/10,1.0,1.0,0.0,4.5-5.0/5.0,1.0,1.0,2.0,0,CANCEL_MODERATE,10/10,Helsinki,11,10/10,10/10,0,1,10/10,31,1,0.8,3,15,45,100%,within an hour,95-100/100,33,Private room,4.5-5.0/5.0,9/10,0.9,22,0,1.0,1.0,0.0,1.0,0.0,1.0,1.0,0.0,0.0,0.0,1.0,1.0,0.0,1.0,1.0,1.0,Kumpula
31213330,10/10,1.0,1.0,0.0,4.5-5.0/5.0,1.0,1.0,1.0,1,CANCEL_MODERATE,10/10,Helsinki,27,10/10,10/10,0,1,10/10,1125,1,0.75,2,24,109,100%,within an hour,95-100/100,77,Entire home/apt,4.5-5.0/5.0,9/10,0.89,0,217,0.0,0.0,1.0,0.0,1.0,1.0,1.0,1.0,0.0,0.0,0.0,1.0,0.0,1.0,1.0,0.0,Hernesaari
37307947,10/10,1.0,1.0,0.0,4.5-5.0/5.0,1.0,0.0,2.0,1,CANCEL_MODERATE,10/10,Helsinki,0,10/10,10/10,0,0,10/10,1125,1,0.8,3,9,92,50-89%,within an hour,95-100/100,34,Entire home/apt,3.6-4.4/5.0,9/10,0.9,5,0,0.0,0.0,0.0,1.0,1.0,1.0,1.0,1.0,1.0,0.0,1.0,0.0,0.0,1.0,1.0,0.0,Kamppi
38743638,10/10,1.0,1.0,0.0,4.5-5.0/5.0,1.0,1.0,3.0,1,CANCEL_FLEXIBLE,10/10,Helsinki,16,10/10,10/10,0,1,10/10,1125,1,0.8,4,19,114,100%,within an hour,95-100/100,25,Entire home/apt,4.5-5.0/5.0,9/10,0.9,27,0,0.0,0.0,0.0,0.0,1.0,1.0,1.0,1.0,0.0,0.0,1.0,0.0,0.0,1.0,1.0,1.0,Kruununhaka
37231876,10/10,1.0,1.0,0.0,4.5-5.0/5.0,1.0,1.0,1.0,1,CANCEL_FLEXIBLE,10/10,Helsinki,0,10/10,10/10,0,0,10/10,30,1,0.75,1,4,52,100%,within an hour,95-100/100,37,Private room,3.6-4.4/5.0,9/10,0.87,0,0,0.0,1.0,0.0,0.0,1.0,1.0,1.0,1.0,0.0,0.0,1.0,0.0,1.0,1.0,0.0,0.0,Länsi-Pasila
35713015,10/10,1.0,1.0,0.0,4.5-5.0/5.0,1.0,1.0,1.0,1,CANCEL_FLEXIBLE,10/10,Helsinki,4,10/10,10/10,0,1,10/10,28,1,0.0,3,20,31,100%,within an hour,95-100/100,54,Private room,4.5-5.0/5.0,9/10,0.94,7,0,0.0,1.0,1.0,1.0,1.0,1.0,1.0,1.0,0.0,1.0,1.0,1.0,1.0,1.0,0.0,0.0,Meri-Rastila
42985363,10/10,1.0,1.0,0.0,no reviews,1.0,1.0,2.0,1,CANCEL_FLEXIBLE,10/10,Helsinki,0,10/10,10/10,1,0,10/10,1125,1,0.0,2,5,26,100%,within an hour,95-100/100,0,Private room,,9/10,0.0,0,0,1.0,0.0,0.0,0.0,1.0,0.0,0.0,1.0,0.0,0.0,0.0,0.0,0.0,1.0,0.0,0.0,Itä-Pasila
28234855,10/10,1.0,1.0,0.0,4.5-5.0/5.0,1.0,1.0,1.0,1,CANCEL_MODERATE,10/10,Helsinki,12,10/10,10/10,0,0,10/10,10,1,1.0,3,15,81,0-49%,unknown,95-100/100,197,Entire home/apt,4.5-5.0/5.0,9/10,0.95,13,0,0.0,0.0,0.0,1.0,0.0,1.0,1.0,1.0,1.0,0.0,1.0,0.0,0.0,1.0,0.0,0.0,Harju
41869689,10/10,1.0,1.0,0.0,4.5-5.0/5.0,1.0,1.0,1.0,1,CANCEL_MODERATE,10/10,Helsinki,0,10/10,10/10,0,0,10/10,1125,1,0.0,4,12,92,50-89%,within an hour,95-100/100,3,Entire home/apt,4.5-5.0/5.0,9/10,0.0,5,0,0.0,0.0,0.0,1.0,1.0,1.0,1.0,1.0,0.0,0.0,1.0,0.0,0.0,1.0,1.0,0.0,Etu-Töölö
14752483,10/10,1.0,1.0,0.0,4.5-5.0/5.0,1.0,0.0,3.0,1,CANCEL_FLEXIBLE,10/10,Helsinki,11,10/10,10/10,0,0,10/10,1125,1,0.85,4,18,98,100%,within an hour,95-100/100,434,Entire home/apt,4.5-5.0/5.0,9/10,0.9,11,0,0.0,0.0,0.0,1.0,1.0,1.0,1.0,1.0,0.0,0.0,1.0,0.0,1.0,1.0,1.0,0.0,Kamppi
571881,10/10,1.0,1.0,0.0,4.5-5.0/5.0,1.0,2.0,4.0,1,CANCEL_FLEXIBLE,10/10,Helsinki,38,10/10,10/10,0,0,10/10,150,1,0.7,7,21,135,100%,within an hour,95-100/100,336,Entire home/apt,3.6-4.4/5.0,9/10,0.85,16,0,1.0,0.0,0.0,0.0,1.0,1.0,1.0,1.0,1.0,0.0,1.0,0.0,0.0,1.0,0.0,0.0,Etu-Töölö
42638153,10/10,1.0,1.0,0.0,4.5-5.0/5.0,1.5,1.0,1.0,1,CANCEL_MODERATE,10/10,Helsinki,0,10/10,10/10,0,0,10/10,6,1,0.65,2,7,38,50-89%,within an hour,95-100/100,3,Private room,4.5-5.0/5.0,9/10,0.85,5,0,1.0,0.0,0.0,0.0,0.0,0.0,0.0,1.0,1.0,0.0,1.0,0.0,0.0,0.0,0.0,0.0,Reimarla
31094469,10/10,1.0,1.0,0.0,4.5-5.0/5.0,1.0,0.0,1.0,1,CANCEL_MODERATE,10/10,Helsinki,12,10/10,10/10,0,0,10/10,10,1,1.0,3,19,81,0-49%,unknown,95-100/100,143,Entire home/apt,3.6-4.4/5.0,9/10,0.95,13,0,0.0,0.0,0.0,1.0,1.0,1.0,1.0,0.0,1.0,0.0,1.0,0.0,0.0,1.0,0.0,0.0,Harju
2189594,10/10,1.0,1.0,0.0,4.5-5.0/5.0,1.5,1.0,1.0,0,CANCEL_MODERATE,10/10,Helsinki,0,10/10,10/10,0,1,10/10,30,1,0.75,4,26,108,100%,within an hour,95-100/100,304,Entire home/apt,4.5-5.0/5.0,9/10,0.83,16,217,0.0,1.0,0.0,0.0,1.0,1.0,1.0,1.0,1.0,0.0,1.0,0.0,1.0,1.0,0.0,0.0,Kamppi
38669174,,0.0,0.0,0.0,4.5-5.0/5.0,1.0,1.0,2.0,1,CANCEL_FLEXIBLE,,Helsinki,0,,,0,1,,8,1,0.87,2,6,58,100%,within an hour,,26,Shared room,4.5-5.0/5.0,,0.87,27,0,0.0,0.0,1.0,0.0,1.0,1.0,1.0,1.0,1.0,0.0,0.0,0.0,0.0,1.0,0.0,0.0,Punavuori
18400611,,0.0,0.0,0.0,4.5-5.0/5.0,1.0,0.0,3.0,1,CANCEL_STRICT_14_WITH_GRACE_PERIOD,,Helsinki,0,,,0,1,,360,1,0.85,3,30,75,100%,within an hour,,197,Entire home/apt,4.5-5.0/5.0,,0.9,22,200,0.0,1.0,0.0,1.0,1.0,1.0,1.0,1.0,0.0,1.0,1.0,1.0,0.0,1.0,1.0,1.0,Patola
39476359,,0.0,0.0,0.0,4.5-5.0/5.0,1.0,1.0,4.0,1,CANCEL_FLEXIBLE,,Helsinki,14,,,0,0,,1125,1,0.7,4,22,99,0-49%,unknown,,34,Entire home/apt,4.5-5.0/5.0,,0.8,9,0,0.0,0.0,0.0,1.0,1.0,1.0,1.0,1.0,1.0,1.0,1.0,0.0,0.0,1.0,1.0,0.0,Siltasaari
42978180,,0.0,0.0,0.0,no reviews,1.5,1.0,1.0,1,CANCEL_FLEXIBLE,,Helsinki,0,,,1,0,,16,1,0.55,3,5,154,100%,within a day,,0,Entire home/apt,,,0.7,0,0,1.0,1.0,1.0,1.0,1.0,1.0,1.0,1.0,0.0,0.0,1.0,0.0,0.0,1.0,1.0,0.0,Kluuvi
35584843,,0.0,0.0,0.0,4.5-5.0/5.0,1.0,0.0,1.0,0,CANCEL_MODERATE,,Helsinki,12,,,0,0,,7,1,1.0,2,12,85,0-49%,unknown,,67,Entire home/apt,3.6-4.4/5.0,,0.95,0,0,0.0,0.0,0.0,1.0,1.0,1.0,1.0,1.0,1.0,0.0,1.0,1.0,0.0,1.0,0.0,0.0,Punavuori
35680811,,0.0,0.0,0.0,3.6-4.4/5.0,1.0,0.0,1.0,1,CANCEL_MODERATE,,Helsinki,16,,,0,0,,1125,1,0.0,4,5,76,50-89%,within an hour,,69,Entire home/apt,3.6-4.4/5.0,,0.9,11,0,0.0,0.0,0.0,0.0,0.0,0.0,0.0,0.0,0.0,0.0,0.0,0.0,0.0,1.0,0.0,0.0,Ullanlinna
22982896,,0.0,0.0,0.0,4.5-5.0/5.0,1.0,1.0,1.0,0,CANCEL_FLEXIBLE,,Helsinki,5,,,0,1,,7,1,0.0,2,37,51,100%,within an hour,,214,Private room,4.5-5.0/5.0,,0.0,0,0,1.0,0.0,0.0,1.0,1.0,1.0,0.0,0.0,0.0,0.0,1.0,0.0,0.0,1.0,0.0,0.0,Tapanila
33630332,,0.0,0.0,0.0,3.6-4.4/5.0,1.0,0.0,1.0,1,CANCEL_MODERATE,,Helsinki,17,,,0,0,,1125,1,0.0,2,8,78,50-89%,within an hour,,72,Entire home/apt,3.6-4.4/5.0,,0.0,0,0,0.0,0.0,0.0,0.0,0.0,0.0,1.0,1.0,1.0,0.0,1.0,0.0,0.0,1.0,0.0,0.0,Punavuori
42960124,,0.0,0.0,0.0,no reviews,1.0,1.0,2.0,1,CANCEL_FLEXIBLE,,Helsinki,0,,,1,0,,1125,1,0.0,2,9,26,100%,within an hour,,0,Private room,,,0.0,0,0,1.0,0.0,0.0,0.0,1.0,0.0,0.0,1.0,0.0,0.0,1.0,0.0,0.0,1.0,0.0,0.0,Itä-Pasila
12068779,,0.0,0.0,0.0,4.5-5.0/5.0,1.0,1.0,1.0,1,CANCEL_MODERATE,,Helsinki,22,,,0,0,,20,1,1.0,1,15,79,100%,within an hour,,200,Private room,3.6-4.4/5.0,,0.89,0,217,0.0,0.0,0.0,1.0,0.0,1.0,1.0,1.0,1.0,0.0,1.0,0.0,1.0,1.0,0.0,0.0,Kamppi
41139203,,0.0,0.0,0.0,0-3.5/5.0,1.5,0.0,2.0,1,CANCEL_MODERATE,,Helsinki,11,,,0,0,,1125,1,0.0,3,7,77,0-49%,unknown,,14,Entire home/apt,0-3.5/5.0,,0.9,5,0,0.0,0.0,0.0,0.0,0.0,0.0,0.0,1.0,0.0,0.0,0.0,0.0,0.0,1.0,0.0,0.0,Kamppi
30981155,,0.0,0.0,0.0,4.5-5.0/5.0,1.0,0.0,2.0,1,CANCEL_STRICT_14_WITH_GRACE_PERIOD,,Helsinki,33,,,0,1,,1125,1,0.85,2,5,88,100%,within an hour,,40,Entire home/apt,4.5-5.0/5.0,,0.9,16,0,0.0,0.0,0.0,0.0,1.0,1.0,1.0,1.0,1.0,0.0,0.0,0.0,0.0,1.0,0.0,0.0,Kluuvi
20648483,,0.0,0.0,0.0,4.5-5.0/5.0,1.0,1.0,1.0,1,CANCEL_STRICT_14_WITH_GRACE_PERIOD,,Helsinki,0,,,0,0,,1125,1,0.0,2,6,41,100%,within an hour,,69,Private room,3.6-4.4/5.0,,0.98,0,0,0.0,0.0,0.0,0.0,1.0,1.0,0.0,1.0,1.0,0.0,1.0,0.0,0.0,1.0,0.0,0.0,Vesala
14336951,,0.0,0.0,0.0,3.6-4.4/5.0,1.0,1.0,2.0,1,CANCEL_FLEXIBLE,,Helsinki,22,,,0,0,,14,1,0.75,3,10,95,100%,within an hour,,121,Entire home/apt,3.6-4.4/5.0,,0.85,16,0,0.0,0.0,0.0,0.0,1.0,1.0,1.0,1.0,1.0,0.0,1.0,0.0,1.0,1.0,0.0,0.0,Etu-Töölö
18012739,,0.0,0.0,0.0,4.5-5.0/5.0,1.0,1.0,1.0,0,CANCEL_FLEXIBLE,,Helsinki,49,,,0,1,,1125,1,0.8,4,14,128,100%,within a few hours,,95,Entire home/apt,4.5-5.0/5.0,,0.9,33,0,0.0,0.0,0.0,0.0,1.0,1.0,0.0,1.0,0.0,0.0,1.0,0.0,0.0,1.0,0.0,0.0,Punavuori
35246331,,0.0,0.0,0.0,4.5-5.0/5.0,1.0,1.0,1.0,0,CANCEL_STRICT_14_WITH_GRACE_PERIOD,,Helsinki,0,,,0,1,,6,1,0.0,2,7,39,100%,within a few hours,,37,Private room,4.5-5.0/5.0,,0.0,11,0,1.0,1.0,0.0,1.0,1.0,1.0,1.0,1.0,1.0,0.0,1.0,0.0,1.0,1.0,0.0,1.0,Alppikylä
36044616,,0.0,0.0,0.0,4.5-5.0/5.0,1.0,2.0,4.0,1,CANCEL_MODERATE,,Helsinki,54,,,0,0,,1125,2,0.0,8,14,142,100%,within an hour,,26,Entire home/apt,3.6-4.4/5.0,,0.0,16,0,0.0,0.0,0.0,0.0,1.0,1.0,0.0,0.0,0.0,0.0,0.0,0.0,0.0,1.0,0.0,0.0,Kaartinkaupunki
21368320,10/10,1.0,1.0,0.0,4.5-5.0/5.0,1.0,1.0,2.0,0,CANCEL_FLEXIBLE,10/10,Helsinki,22,10/10,10/10,0,1,10/10,1125,1,0.85,3,18,90,100%,within an hour,95-100/100,175,Entire home/apt,4.5-5.0/5.0,10/10,0.9,0,0,0.0,0.0,0.0,1.0,1.0,1.0,1.0,1.0,0.0,1.0,0.0,0.0,1.0,1.0,1.0,0.0,Vallila
21373833,10/10,1.0,1.0,0.0,4.5-5.0/5.0,1.0,1.0,2.0,1,CANCEL_MODERATE,10/10,Helsinki,38,10/10,10/10,0,0,10/10,1125,2,0.0,4,15,109,100%,within an hour,95-100/100,47,Entire home/apt,4.5-5.0/5.0,10/10,0.0,16,0,0.0,0.0,0.0,1.0,1.0,1.0,0.0,1.0,0.0,0.0,0.0,0.0,0.0,1.0,1.0,0.0,Kamppi
41222077,10/10,1.0,1.0,0.0,no reviews,1.0,1.0,2.0,1,CANCEL_MODERATE,10/10,Helsinki,38,10/10,10/10,0,0,10/10,1125,2,0.0,4,9,83,100%,within an hour,95-100/100,1,Entire home/apt,,10/10,0.0,16,0,0.0,0.0,0.0,0.0,1.0,0.0,0.0,0.0,0.0,0.0,0.0,0.0,0.0,1.0,0.0,0.0,Kamppi
43026916,10/10,1.0,1.0,0.0,no reviews,1.0,1.0,1.0,1,CANCEL_FLEXIBLE,10/10,Helsinki,0,10/10,10/10,1,0,10/10,1125,1,0.95,2,8,53,100%,within an hour,95-100/100,0,Entire home/apt,,10/10,0.95,11,163,0.0,0.0,0.0,0.0,1.0,0.0,0.0,1.0,0.0,0.0,0.0,0.0,0.0,1.0,0.0,0.0,Kamppi
27325365,10/10,1.0,1.0,0.0,4.5-5.0/5.0,1.0,0.0,1.0,1,CANCEL_STRICT_14_WITH_GRACE_PERIOD,10/10,Helsinki,10,10/10,10/10,0,1,10/10,1125,1,0.95,2,10,112,100%,within an hour,95-100/100,163,Entire home/apt,4.5-5.0/5.0,10/10,0.95,0,0,0.0,0.0,0.0,1.0,1.0,1.0,1.0,0.0,0.0,0.0,1.0,0.0,1.0,1.0,0.0,0.0,Kamppi
11393587,10/10,1.0,1.0,0.0,4.5-5.0/5.0,1.5,0.0,1.0,1,CANCEL_FLEXIBLE,10/10,Helsinki,16,10/10,10/10,0,0,10/10,1125,1,0.85,4,12,118,100%,within an hour,95-100/100,385,Entire home/apt,4.5-5.0/5.0,10/10,0.9,11,0,0.0,0.0,0.0,1.0,1.0,1.0,1.0,1.0,0.0,0.0,1.0,0.0,1.0,1.0,1.0,0.0,Kluuvi
40891430,10/10,1.0,1.0,0.0,4.5-5.0/5.0,1.0,1.0,1.0,1,CANCEL_STRICT_14_WITH_GRACE_PERIOD,10/10,Helsinki,10,10/10,10/10,0,1,10/10,1125,1,0.8,2,13,82,0-49%,within an hour,95-100/100,24,Entire home/apt,4.5-5.0/5.0,10/10,0.9,0,0,0.0,0.0,0.0,1.0,1.0,1.0,1.0,1.0,0.0,0.0,1.0,0.0,0.0,1.0,0.0,0.0,Roihuvuori
18056441,10/10,1.0,1.0,0.0,4.5-5.0/5.0,1.0,0.0,2.0,1,CANCEL_FLEXIBLE,10/10,Helsinki,11,10/10,10/10,0,0,10/10,1125,1,0.85,4,25,106,100%,within an hour,95-100/100,195,Entire home/apt,4.5-5.0/5.0,10/10,0.9,11,0,0.0,0.0,0.0,1.0,1.0,1.0,1.0,1.0,1.0,1.0,1.0,1.0,1.0,1.0,1.0,0.0,Kamppi
32062249,10/10,1.0,1.0,0.0,4.5-5.0/5.0,1.0,1.0,1.0,0,CANCEL_MODERATE,10/10,Helsinki,0,10/10,10/10,0,1,10/10,1125,1,0.8,3,12,90,100%,within an hour,95-100/100,55,Entire home/apt,4.5-5.0/5.0,10/10,0.9,0,0,1.0,0.0,1.0,1.0,1.0,1.0,1.0,1.0,0.0,0.0,0.0,0.0,0.0,1.0,1.0,1.0,Kruununhaka
16106110,10/10,1.0,1.0,0.0,4.5-5.0/5.0,1.5,1.0,1.0,0,CANCEL_FLEXIBLE,10/10,Helsinki,22,10/10,10/10,0,1,10/10,5,1,0.71,3,9,89,50-89%,within an hour,95-100/100,15,Entire home/apt,4.5-5.0/5.0,10/10,0.86,22,0,0.0,1.0,0.0,1.0,1.0,1.0,1.0,1.0,1.0,0.0,1.0,0.0,0.0,1.0,0.0,0.0,Kamppi
41799984,10/10,1.0,1.0,0.0,no reviews,4.0,1.0,2.0,1,CANCEL_FLEXIBLE,10/10,Helsinki,0,10/10,10/10,0,0,10/10,1125,1,0.0,2,16,55,100%,within an hour,95-100/100,0,Private room,,10/10,0.0,0,0,1.0,0.0,1.0,1.0,1.0,1.0,0.0,1.0,0.0,1.0,1.0,0.0,0.0,1.0,1.0,0.0,Siltasaari
41083834,10/10,1.0,1.0,0.0,no reviews,1.5,1.0,1.0,1,CANCEL_FLEXIBLE,10/10,Helsinki,0,10/10,10/10,1,0,10/10,1125,1,0.9,2,7,31,100%,within a few hours,95-100/100,0,Private room,,10/10,0.95,0,0,0.0,0.0,0.0,0.0,1.0,0.0,0.0,1.0,1.0,0.0,1.0,0.0,0.0,1.0,0.0,0.0,Konala
26730354,10/10,1.0,1.0,0.0,4.5-5.0/5.0,1.0,4.0,1.0,0,CANCEL_FLEXIBLE,10/10,Helsinki,11,10/10,10/10,0,0,10/10,1125,1,0.69,2,13,39,100%,within an hour,95-100/100,35,Private room,3.6-4.4/5.0,10/10,0.88,0,0,1.0,1.0,0.0,0.0,1.0,1.0,1.0,1.0,1.0,0.0,1.0,0.0,1.0,1.0,0.0,0.0,Latokartano
36127077,10/10,1.0,1.0,0.0,4.5-5.0/5.0,1.5,1.0,3.0,0,CANCEL_MODERATE,10/10,Helsinki,0,10/10,10/10,0,1,10/10,21,1,0.8,2,14,54,100%,within an hour,95-100/100,42,Private room,4.5-5.0/5.0,10/10,0.9,11,0,0.0,1.0,0.0,1.0,1.0,1.0,1.0,1.0,0.0,0.0,1.0,1.0,1.0,1.0,0.0,1.0,Tapaninvainio
37279768,10/10,1.0,1.0,0.0,4.5-5.0/5.0,1.5,1.0,1.0,1,CANCEL_STRICT_14_WITH_GRACE_PERIOD,10/10,Helsinki,33,10/10,10/10,0,1,10/10,1125,1,0.0,6,8,116,100%,within an hour,80-94/100,16,Entire home/apt,4.5-5.0/5.0,10/10,0.0,22,0,0.0,1.0,0.0,0.0,1.0,1.0,1.0,1.0,1.0,0.0,1.0,0.0,0.0,1.0,0.0,1.0,Kluuvi
22759628,10/10,1.0,1.0,0.0,3.6-4.4/5.0,1.0,1.0,1.0,0,CANCEL_STRICT_14_WITH_GRACE_PERIOD,10/10,Helsinki,11,10/10,10/10,0,0,10/10,20,1,0.9,2,10,65,50-89%,within an hour,80-94/100,51,Private room,3.6-4.4/5.0,10/10,0.9,27,0,0.0,0.0,0.0,0.0,0.0,0.0,0.0,1.0,0.0,0.0,1.0,0.0,1.0,1.0,0.0,0.0,Siltasaari
21821456,10/10,1.0,1.0,0.0,4.5-5.0/5.0,1.0,1.0,4.0,1,CANCEL_MODERATE,10/10,Helsinki,38,10/10,10/10,0,0,10/10,1125,2,0.0,6,11,122,100%,within an hour,80-94/100,62,Entire home/apt,3.6-4.4/5.0,10/10,0.0,16,0,0.0,0.0,0.0,1.0,1.0,1.0,0.0,1.0,1.0,0.0,0.0,0.0,0.0,1.0,1.0,0.0,Etu-Töölö
31390306,10/10,1.0,1.0,0.0,4.5-5.0/5.0,1.5,0.0,1.0,0,CANCEL_STRICT_14_WITH_GRACE_PERIOD,10/10,Helsinki,24,10/10,10/10,0,0,10/10,7,1,0.0,3,14,101,100%,within an hour,80-94/100,10,Entire home/apt,4.5-5.0/5.0,10/10,0.85,0,0,0.0,0.0,0.0,1.0,1.0,1.0,1.0,1.0,0.0,0.0,1.0,1.0,0.0,1.0,1.0,0.0,Torkkelinmäki
21571373,10/10,1.0,1.0,0.0,3.6-4.4/5.0,1.0,1.0,4.0,1,CANCEL_MODERATE,10/10,Helsinki,38,10/10,10/10,0,0,10/10,1125,2,0.0,6,15,115,100%,within an hour,80-94/100,78,Entire home/apt,3.6-4.4/5.0,10/10,0.0,16,0,0.0,0.0,0.0,1.0,1.0,1.0,0.0,0.0,0.0,0.0,0.0,0.0,0.0,1.0,1.0,0.0,Punavuori
40342883,10/10,1.0,1.0,0.0,4.5-5.0/5.0,2.0,1.0,2.0,0,CANCEL_STRICT_14_WITH_GRACE_PERIOD,10/10,Helsinki,20,10/10,10/10,0,0,10/10,1125,1,0.8,4,7,88,100%,within an hour,80-94/100,16,Entire home/apt,4.5-5.0/5.0,10/10,0.85,16,0,0.0,0.0,0.0,0.0,0.0,1.0,1.0,1.0,1.0,0.0,0.0,0.0,0.0,1.0,1.0,0.0,Taka-Töölö
15459751,10/10,1.0,1.0,0.0,4.5-5.0/5.0,1.5,1.0,7.0,1,CANCEL_STRICT_14_WITH_GRACE_PERIOD,10/10,Helsinki,0,10/10,10/10,0,1,10/10,360,1,0.85,10,43,95,100%,within an hour,80-94/100,237,Entire home/apt,4.5-5.0/5.0,10/10,0.9,22,272,0.0,1.0,0.0,1.0,1.0,1.0,1.0,1.0,0.0,1.0,1.0,1.0,0.0,1.0,1.0,1.0,Patola
26804939,10/10,1.0,1.0,0.0,4.5-5.0/5.0,1.5,1.0,2.0,1,CANCEL_STRICT_14_WITH_GRACE_PERIOD,10/10,Helsinki,0,10/10,10/10,0,0,10/10,1125,1,0.7,4,5,83,50-89%,within a few hours,80-94/100,36,Entire home/apt,3.6-4.4/5.0,10/10,0.8,5,0,0.0,0.0,0.0,0.0,0.0,1.0,1.0,1.0,1.0,0.0,0.0,0.0,1.0,1.0,0.0,1.0,Linjat
41006272,10/10,1.0,1.0,0.0,no reviews,1.0,1.0,1.0,1,CANCEL_MODERATE,10/10,Helsinki,5,10/10,10/10,0,0,10/10,1125,1,0.0,2,6,45,100%,within an hour,80-94/100,2,Shared room,,10/10,0.0,11,434,0.0,0.0,0.0,0.0,1.0,0.0,0.0,1.0,0.0,0.0,0.0,0.0,1.0,1.0,0.0,0.0,Etu-Töölö
41800605,10/10,1.0,1.0,0.0,no reviews,4.0,1.0,2.0,1,CANCEL_FLEXIBLE,10/10,Helsinki,0,10/10,10/10,0,0,10/10,1125,1,0.0,2,18,55,100%,within an hour,80-94/100,0,Private room,,10/10,0.0,0,0,1.0,0.0,1.0,1.0,1.0,1.0,0.0,1.0,0.0,1.0,1.0,0.0,0.0,1.0,1.0,0.0,Vilhonvuori
31800006,10/10,1.0,1.0,0.0,4.5-5.0/5.0,1.0,2.0,3.0,1,CANCEL_FLEXIBLE,10/10,Helsinki,49,10/10,10/10,0,1,10/10,1125,1,0.0,6,15,164,100%,within an hour,80-94/100,36,Entire home/apt,4.5-5.0/5.0,10/10,0.0,33,0,0.0,0.0,0.0,1.0,1.0,1.0,1.0,1.0,0.0,0.0,1.0,0.0,0.0,1.0,1.0,0.0,Punavuori
41639650,10/10,1.0,1.0,0.0,4.5-5.0/5.0,1.0,0.0,2.0,0,CANCEL_MODERATE,10/10,Helsinki,0,10/10,10/10,0,0,10/10,7,1,0.85,2,9,90,100%,within a few hours,80-94/100,5,Entire home/apt,3.6-4.4/5.0,10/10,0.89,0,4347,0.0,0.0,0.0,0.0,1.0,0.0,1.0,1.0,0.0,0.0,1.0,0.0,0.0,1.0,0.0,0.0,Vilhonvuori
11349996,10/10,1.0,1.0,0.0,3.6-4.4/5.0,1.5,2.0,2.0,1,CANCEL_STRICT_14_WITH_GRACE_PERIOD,10/10,Helsinki,43,10/10,10/10,0,0,10/10,90,1,0.84,5,46,201,0-49%,unknown,80-94/100,204,Entire home/apt,3.6-4.4/5.0,10/10,0.9,22,217,0.0,1.0,0.0,1.0,1.0,1.0,1.0,1.0,1.0,0.0,1.0,0.0,0.0,1.0,1.0,0.0,Kamppi
11995784,10/10,1.0,1.0,0.0,4.5-5.0/5.0,1.0,1.0,1.0,0,CANCEL_MODERATE,10/10,Helsinki,27,10/10,10/10,0,0,10/10,60,1,0.65,2,14,96,100%,within an hour,80-94/100,112,Private room,4.5-5.0/5.0,10/10,0.9,22,217,0.0,0.0,0.0,1.0,0.0,1.0,1.0,1.0,1.0,1.0,1.0,0.0,0.0,1.0,1.0,0.0,Kaartinkaupunki
28039361,9/10,1.0,1.0,0.0,4.5-5.0/5.0,1.0,2.0,3.0,1,CANCEL_MODERATE,9/10,Helsinki,33,9/10,10/10,0,1,10/10,1125,1,0.0,6,23,154,100%,within an hour,80-94/100,84,Entire home/apt,4.5-5.0/5.0,9/10,0.0,11,0,1.0,0.0,0.0,1.0,1.0,1.0,1.0,1.0,1.0,0.0,1.0,0.0,1.0,1.0,0.0,0.0,Etu-Töölö
30979980,9/10,1.0,1.0,0.0,3.6-4.4/5.0,1.0,0.0,3.0,1,CANCEL_STRICT_14_WITH_GRACE_PERIOD,9/10,Helsinki,43,9/10,10/10,0,1,10/10,1125,1,0.85,5,9,122,100%,within an hour,80-94/100,11,Entire home/apt,3.6-4.4/5.0,9/10,0.9,16,0,0.0,0.0,0.0,0.0,1.0,1.0,1.0,1.0,1.0,0.0,0.0,0.0,0.0,1.0,1.0,0.0,Kamppi
32969952,9/10,1.0,1.0,0.0,4.5-5.0/5.0,1.0,1.0,1.0,1,CANCEL_MODERATE,9/10,Helsinki,13,9/10,10/10,0,0,10/10,1125,1,0.85,3,35,104,100%,within an hour,80-94/100,51,Entire home/apt,4.5-5.0/5.0,9/10,0.9,11,0,0.0,0.0,0.0,1.0,1.0,0.0,1.0,1.0,0.0,0.0,0.0,0.0,0.0,1.0,1.0,0.0,Ullanlinna
5831765,9/10,1.0,1.0,0.0,4.5-5.0/5.0,1.0,1.0,2.0,1,CANCEL_STRICT_14_WITH_GRACE_PERIOD,9/10,Helsinki,43,9/10,10/10,0,1,10/10,1125,1,0.85,4,9,138,100%,within an hour,80-94/100,55,Entire home/apt,4.5-5.0/5.0,9/10,0.9,16,0,1.0,1.0,0.0,1.0,1.0,1.0,1.0,1.0,1.0,0.0,0.0,0.0,0.0,1.0,1.0,0.0,Kluuvi
35106534,9/10,1.0,1.0,0.0,4.5-5.0/5.0,1.5,1.0,2.0,0,CANCEL_FLEXIBLE,9/10,Helsinki,0,9/10,10/10,0,1,10/10,14,1,1.0,2,11,77,100%,within an hour,80-94/100,45,Entire home/apt,4.5-5.0/5.0,9/10,1.0,0,0,0.0,1.0,0.0,0.0,1.0,1.0,1.0,1.0,0.0,0.0,1.0,1.0,0.0,1.0,0.0,0.0,Etelä-Haaga
26629536,9/10,1.0,1.0,0.0,4.5-5.0/5.0,1.5,0.0,2.0,1,CANCEL_STRICT_14_WITH_GRACE_PERIOD,9/10,Helsinki,43,9/10,10/10,0,1,10/10,1125,1,0.0,8,30,167,100%,within an hour,80-94/100,144,Entire home/apt,4.5-5.0/5.0,9/10,0.0,33,0,0.0,1.0,0.0,1.0,1.0,1.0,1.0,1.0,1.0,0.0,1.0,0.0,0.0,1.0,0.0,1.0,Kluuvi
41005759,9/10,1.0,1.0,0.0,no reviews,1.0,1.0,1.0,1,CANCEL_MODERATE,9/10,Helsinki,7,9/10,10/10,0,0,10/10,1125,1,0.0,2,6,66,100%,within an hour,80-94/100,2,Private room,,9/10,0.0,8,434,0.0,0.0,0.0,0.0,1.0,0.0,0.0,1.0,0.0,0.0,0.0,0.0,1.0,1.0,0.0,0.0,Etu-Töölö
37489336,9/10,1.0,1.0,0.0,4.5-5.0/5.0,1.0,0.0,1.0,0,CANCEL_FLEXIBLE,9/10,Helsinki,0,9/10,10/10,0,1,10/10,1125,1,0.8,4,17,88,100%,within an hour,80-94/100,17,Entire home/apt,4.5-5.0/5.0,9/10,0.85,16,0,0.0,0.0,0.0,1.0,1.0,1.0,1.0,0.0,0.0,0.0,1.0,1.0,1.0,1.0,1.0,0.0,Harju
40478353,9/10,1.0,1.0,0.0,no reviews,1.5,1.0,1.0,1,CANCEL_STRICT_14_WITH_GRACE_PERIOD,9/10,Helsinki,16,9/10,10/10,0,0,10/10,7,1,0.0,2,10,35,50-89%,within a few hours,80-94/100,2,Private room,,9/10,0.0,11,0,0.0,0.0,1.0,1.0,1.0,1.0,1.0,1.0,0.0,0.0,1.0,1.0,0.0,1.0,0.0,1.0,Patola
40571070,9/10,1.0,1.0,0.0,4.5-5.0/5.0,1.0,1.0,1.0,1,CANCEL_MODERATE,9/10,Helsinki,38,9/10,10/10,0,0,10/10,1125,2,0.0,4,7,115,100%,within an hour,80-94/100,5,Entire home/apt,4.5-5.0/5.0,9/10,0.0,16,0,0.0,0.0,0.0,0.0,1.0,0.0,0.0,1.0,1.0,0.0,0.0,0.0,0.0,1.0,0.0,0.0,Kamppi
27872139,9/10,1.0,1.0,0.0,3.6-4.4/5.0,2.5,1.0,1.0,1,CANCEL_MODERATE,9/10,Helsinki,33,9/10,10/10,0,0,10/10,1125,1,0.85,1,31,76,100%,within a few hours,80-94/100,19,Private room,3.6-4.4/5.0,9/10,0.95,0,326,1.0,0.0,1.0,0.0,1.0,1.0,0.0,1.0,0.0,0.0,1.0,1.0,1.0,1.0,0.0,0.0,Kuusisaari
31302917,9/10,1.0,1.0,0.0,3.6-4.4/5.0,1.0,0.0,1.0,0,CANCEL_MODERATE,9/10,Helsinki,16,9/10,10/10,0,0,10/10,1125,1,0.0,2,6,78,50-89%,within a day,80-94/100,63,Entire home/apt,3.6-4.4/5.0,9/10,0.85,0,0,0.0,0.0,0.0,0.0,0.0,0.0,0.0,0.0,0.0,0.0,0.0,0.0,0.0,0.0,0.0,0.0,Kamppi
21493943,9/10,1.0,1.0,0.0,3.6-4.4/5.0,1.0,1.0,1.0,1,CANCEL_MODERATE,9/10,Helsinki,38,9/10,10/10,0,0,10/10,1125,2,0.0,2,10,109,100%,within an hour,80-94/100,25,Entire home/apt,3.6-4.4/5.0,9/10,0.0,0,0,0.0,0.0,0.0,1.0,1.0,1.0,0.0,1.0,0.0,0.0,0.0,0.0,0.0,1.0,1.0,0.0,Punavuori
28811855,9/10,1.0,1.0,0.0,3.6-4.4/5.0,1.0,1.0,2.0,0,CANCEL_STRICT_14_WITH_GRACE_PERIOD,9/10,Helsinki,16,9/10,10/10,0,0,10/10,1125,1,0.82,3,9,80,100%,within an hour,80-94/100,71,Private room,3.6-4.4/5.0,9/10,0.87,13,0,0.0,0.0,0.0,0.0,1.0,0.0,0.0,0.0,1.0,0.0,0.0,0.0,1.0,1.0,0.0,0.0,Kamppi
42959628,10/10,1.0,1.0,0.0,no reviews,1.0,1.0,2.0,1,CANCEL_FLEXIBLE,9/10,Helsinki,0,10/10,9/10,1,0,10/10,1125,1,0.0,2,6,26,100%,within an hour,95-100/100,0,Private room,,9/10,0.0,0,0,1.0,0.0,0.0,0.0,1.0,0.0,0.0,1.0,0.0,0.0,1.0,0.0,0.0,1.0,0.0,0.0,Itä-Pasila
16781278,10/10,1.0,1.0,0.0,4.5-5.0/5.0,1.5,3.0,7.0,1,CANCEL_FLEXIBLE,9/10,Helsinki,53,10/10,9/10,0,0,10/10,28,1,0.7,8,27,177,100%,within an hour,95-100/100,180,Entire home/apt,3.6-4.4/5.0,9/10,0.85,16,109,0.0,0.0,0.0,0.0,1.0,0.0,0.0,1.0,1.0,0.0,1.0,0.0,0.0,1.0,1.0,0.0,Etu-Töölö
41546063,10/10,1.0,1.0,0.0,3.6-4.4/5.0,1.5,1.0,0.0,1,CANCEL_STRICT_14_WITH_GRACE_PERIOD,9/10,Helsinki,22,10/10,9/10,0,0,10/10,30,1,0.98,2,4,76,50-89%,within a few hours,95-100/100,9,Entire home/apt,3.6-4.4/5.0,9/10,0.98,11,0,0.0,0.0,0.0,1.0,1.0,0.0,1.0,0.0,0.0,0.0,1.0,0.0,0.0,1.0,0.0,1.0,Harju
38829138,10/10,1.0,1.0,0.0,4.5-5.0/5.0,1.0,0.0,1.0,1,CANCEL_FLEXIBLE,9/10,Helsinki,22,10/10,9/10,0,1,10/10,1125,1,0.95,3,15,89,100%,within an hour,95-100/100,20,Entire home/apt,4.5-5.0/5.0,9/10,0.97,16,0,0.0,1.0,0.0,1.0,1.0,1.0,1.0,0.0,1.0,0.0,1.0,0.0,0.0,1.0,0.0,0.0,Vallila
26178103,10/10,1.0,1.0,0.0,4.5-5.0/5.0,1.0,0.0,3.0,0,CANCEL_MODERATE,9/10,Helsinki,22,10/10,9/10,0,1,10/10,10,1,1.0,4,21,101,100%,within an hour,95-100/100,70,Entire home/apt,4.5-5.0/5.0,9/10,0.88,11,0,0.0,0.0,0.0,1.0,1.0,1.0,0.0,1.0,0.0,0.0,1.0,0.0,0.0,1.0,0.0,1.0,Torpparinmäki
31798157,10/10,1.0,1.0,0.0,4.5-5.0/5.0,2.5,2.0,4.0,1,CANCEL_FLEXIBLE,9/10,Helsinki,0,10/10,9/10,0,0,10/10,21,1,1.0,2,6,45,100%,within an hour,95-100/100,37,Private room,4.5-5.0/5.0,9/10,0.9,0,0,0.0,0.0,0.0,0.0,1.0,0.0,0.0,1.0,0.0,0.0,1.0,0.0,0.0,1.0,1.0,0.0,Pukinmäki
41587894,10/10,1.0,1.0,0.0,4.5-5.0/5.0,1.5,1.0,1.0,1,CANCEL_STRICT_14_WITH_GRACE_PERIOD,9/10,Helsinki,0,10/10,9/10,0,1,10/10,1125,1,0.8,2,12,86,50-89%,within an hour,95-100/100,3,Private room,4.5-5.0/5.0,9/10,0.9,0,0,0.0,0.0,0.0,1.0,1.0,1.0,1.0,1.0,0.0,0.0,1.0,0.0,0.0,1.0,0.0,0.0,Taka-Töölö
41852939,10/10,1.0,1.0,0.0,no reviews,1.0,1.0,2.0,1,CANCEL_MODERATE,9/10,Helsinki,0,10/10,9/10,0,0,10/10,1125,1,0.9,2,17,39,0-49%,unknown,95-100/100,1,Private room,,9/10,0.95,0,0,0.0,0.0,0.0,0.0,0.0,0.0,1.0,1.0,0.0,0.0,1.0,0.0,0.0,1.0,0.0,0.0,Mellunmäki
19346473,10/10,1.0,1.0,0.0,4.5-5.0/5.0,1.0,1.0,1.0,1,CANCEL_MODERATE,9/10,Helsinki,43,10/10,9/10,0,1,10/10,40,1,0.8,3,7,141,100%,within an hour,95-100/100,114,Entire home/apt,4.5-5.0/5.0,9/10,0.9,0,0,0.0,0.0,0.0,1.0,1.0,1.0,1.0,1.0,1.0,0.0,0.0,0.0,0.0,1.0,1.0,0.0,Kruununhaka
42807038,10/10,1.0,1.0,0.0,no reviews,1.0,1.0,1.0,1,CANCEL_FLEXIBLE,9/10,Helsinki,0,10/10,9/10,1,0,10/10,1125,1,0.7,3,5,77,0-49%,unknown,95-100/100,1,Entire home/apt,,9/10,0.8,0,0,0.0,0.0,0.0,1.0,1.0,0.0,0.0,1.0,0.0,0.0,0.0,0.0,0.0,1.0,0.0,0.0,Taka-Töölö
40086522,10/10,1.0,1.0,0.0,4.5-5.0/5.0,1.0,1.0,2.0,0,CANCEL_STRICT_14_WITH_GRACE_PERIOD,9/10,Helsinki,5,10/10,9/10,0,0,10/10,1125,1,0.0,2,28,72,0-49%,unknown,95-100/100,8,Private room,4.5-5.0/5.0,9/10,0.85,11,326,0.0,0.0,0.0,1.0,1.0,1.0,1.0,1.0,0.0,0.0,1.0,0.0,0.0,1.0,0.0,0.0,Punavuori
42361882,10/10,1.0,1.0,0.0,no reviews,1.0,1.0,2.0,1,CANCEL_FLEXIBLE,9/10,Helsinki,5,10/10,9/10,1,0,10/10,7,1,0.8,2,8,51,100%,within a few hours,95-100/100,1,Private room,,9/10,0.9,0,109,0.0,0.0,0.0,1.0,1.0,0.0,1.0,1.0,0.0,0.0,0.0,1.0,0.0,1.0,1.0,0.0,Siltamäki
42430201,10/10,1.0,1.0,0.0,4.5-5.0/5.0,1.5,2.0,3.0,0,CANCEL_STRICT_14_WITH_GRACE_PERIOD,9/10,Helsinki,0,10/10,9/10,0,0,10/10,1125,1,0.0,5,24,101,100%,within an hour,95-100/100,3,Entire home/apt,3.6-4.4/5.0,9/10,0.0,16,0,0.0,1.0,0.0,1.0,1.0,1.0,1.0,1.0,0.0,0.0,1.0,1.0,0.0,1.0,1.0,1.0,Kontula
11015755,10/10,1.0,1.0,0.0,4.5-5.0/5.0,1.0,1.0,1.0,1,CANCEL_STRICT_14_WITH_GRACE_PERIOD,9/10,Helsinki,27,10/10,9/10,0,0,10/10,365,1,0.0,2,5,109,100%,within an hour,95-100/100,130,Entire home/apt,4.5-5.0/5.0,9/10,0.0,0,0,0.0,0.0,0.0,0.0,1.0,1.0,1.0,1.0,1.0,0.0,1.0,0.0,0.0,1.0,1.0,1.0,Taka-Töölö
26129095,10/10,1.0,1.0,0.0,4.5-5.0/5.0,1.0,1.0,2.0,1,CANCEL_STRICT_14_WITH_GRACE_PERIOD,9/10,Helsinki,11,10/10,9/10,0,0,10/10,40,1,0.88,2,12,60,100%,within an hour,95-100/100,63,Private room,3.6-4.4/5.0,9/10,0.93,11,0,1.0,0.0,0.0,0.0,0.0,0.0,1.0,1.0,1.0,0.0,0.0,0.0,0.0,1.0,0.0,0.0,Harju
24927687,9/10,1.0,1.0,0.0,4.5-5.0/5.0,1.0,1.0,2.0,1,CANCEL_MODERATE,9/10,Helsinki,53,9/10,10/10,0,1,10/10,1125,1,0.85,3,15,136,0-49%,unknown,80-94/100,112,Entire home/apt,4.5-5.0/5.0,9/10,0.95,22,109,0.0,0.0,1.0,1.0,0.0,1.0,1.0,1.0,1.0,0.0,1.0,0.0,0.0,1.0,0.0,1.0,Kamppi
37470317,9/10,1.0,1.0,0.0,3.6-4.4/5.0,1.5,2.0,3.0,1,CANCEL_MODERATE,9/10,Helsinki,54,9/10,10/10,0,0,10/10,1125,1,0.0,6,16,142,100%,within an hour,80-94/100,8,Entire home/apt,3.6-4.4/5.0,9/10,0.0,16,0,0.0,0.0,0.0,0.0,1.0,1.0,1.0,1.0,0.0,0.0,0.0,0.0,0.0,1.0,0.0,0.0,Katajanokka
36755789,9/10,1.0,1.0,0.0,4.5-5.0/5.0,1.5,1.0,1.0,1,CANCEL_MODERATE,9/10,Helsinki,38,9/10,10/10,0,0,10/10,35,1,0.9,3,5,119,100%,within an hour,80-94/100,14,Entire home/apt,3.6-4.4/5.0,9/10,0.95,5,0,0.0,0.0,0.0,0.0,0.0,1.0,1.0,0.0,1.0,0.0,0.0,0.0,0.0,1.0,0.0,0.0,Ullanlinna
28994173,9/10,1.0,1.0,0.0,4.5-5.0/5.0,2.0,2.0,2.0,1,CANCEL_MODERATE,9/10,Helsinki,54,9/10,10/10,0,0,10/10,1125,2,0.0,8,21,231,100%,within an hour,80-94/100,32,Entire home/apt,3.6-4.4/5.0,9/10,0.0,16,0,0.0,0.0,0.0,1.0,1.0,0.0,0.0,1.0,1.0,0.0,0.0,0.0,0.0,1.0,0.0,0.0,Kamppi
40553766,9/10,1.0,1.0,0.0,no reviews,1.5,1.0,1.0,1,CANCEL_FLEXIBLE,9/10,Helsinki,0,9/10,10/10,0,0,10/10,1125,1,0.8,2,22,126,100%,within an hour,80-94/100,2,Entire home/apt,,9/10,0.85,0,0,0.0,1.0,0.0,0.0,1.0,1.0,1.0,1.0,0.0,0.0,0.0,1.0,0.0,1.0,1.0,0.0,Katajanokka
2377035,9/10,1.0,1.0,0.0,4.5-5.0/5.0,1.0,1.0,1.0,0,CANCEL_MODERATE,9/10,Helsinki,49,9/10,10/10,0,0,10/10,25,1,0.91,2,36,119,0-49%,a few days or more,80-94/100,78,Entire home/apt,4.5-5.0/5.0,9/10,0.93,16,163,1.0,1.0,0.0,1.0,0.0,1.0,1.0,1.0,1.0,0.0,1.0,0.0,0.0,1.0,0.0,1.0,Kalasatama
1714147,9/10,1.0,1.0,0.0,4.5-5.0/5.0,1.0,1.0,1.0,0,CANCEL_STRICT_14_WITH_GRACE_PERIOD,9/10,Helsinki,0,9/10,10/10,0,1,10/10,1125,1,1.0,1,24,77,50-89%,within a few hours,80-94/100,142,Private room,4.5-5.0/5.0,9/10,1.0,0,0,0.0,0.0,0.0,0.0,0.0,1.0,1.0,1.0,1.0,0.0,0.0,0.0,0.0,1.0,0.0,0.0,Ullanlinna
18682338,9/10,1.0,1.0,0.0,4.5-5.0/5.0,1.5,3.0,5.0,0,CANCEL_STRICT_14_WITH_GRACE_PERIOD,9/10,Helsinki,65,9/10,10/10,0,1,10/10,1125,1,0.0,10,29,128,100%,within an hour,80-94/100,200,Entire home/apt,4.5-5.0/5.0,9/10,0.0,16,272,0.0,1.0,0.0,0.0,1.0,1.0,1.0,1.0,1.0,1.0,1.0,0.0,0.0,1.0,1.0,0.0,Jätkäsaari
19667533,9/10,1.0,1.0,0.0,3.6-4.4/5.0,1.0,1.0,2.0,1,CANCEL_MODERATE,9/10,Helsinki,38,9/10,10/10,0,0,10/10,1125,2,0.0,4,23,109,100%,within an hour,80-94/100,63,Entire home/apt,3.6-4.4/5.0,9/10,0.0,16,0,0.0,1.0,0.0,1.0,1.0,1.0,0.0,1.0,0.0,0.0,0.0,0.0,0.0,1.0,1.0,1.0,Etu-Töölö
36219853,9/10,1.0,1.0,0.0,4.5-5.0/5.0,1.0,2.0,7.0,1,CANCEL_MODERATE,9/10,Helsinki,33,9/10,10/10,0,0,10/10,30,1,0.75,8,10,83,100%,within an hour,80-94/100,48,Entire home/apt,3.6-4.4/5.0,9/10,1.0,8,217,0.0,1.0,0.0,1.0,1.0,1.0,1.0,1.0,0.0,1.0,1.0,1.0,0.0,1.0,1.0,1.0,Kannelmäki
36379385,9/10,1.0,1.0,0.0,4.5-5.0/5.0,1.5,1.0,1.0,1,CANCEL_MODERATE,9/10,Helsinki,33,9/10,10/10,0,0,10/10,1125,1,0.9,1,8,69,100%,within a few hours,80-94/100,15,Private room,4.5-5.0/5.0,9/10,0.95,0,217,1.0,1.0,1.0,0.0,1.0,1.0,1.0,1.0,0.0,0.0,1.0,1.0,0.0,1.0,0.0,0.0,Kuusisaari
42733399,9/10,1.0,1.0,0.0,no reviews,1.5,3.0,6.0,1,CANCEL_MODERATE,9/10,Helsinki,76,9/10,10/10,1,0,10/10,1125,2,0.0,8,16,168,100%,within an hour,80-94/100,0,Entire home/apt,,9/10,0.0,16,0,0.0,0.0,0.0,0.0,1.0,0.0,0.0,1.0,1.0,0.0,0.0,0.0,0.0,1.0,0.0,0.0,Kluuvi
26129212,9/10,1.0,1.0,0.0,4.5-5.0/5.0,1.0,1.0,2.0,1,CANCEL_STRICT_14_WITH_GRACE_PERIOD,9/10,Helsinki,11,9/10,10/10,0,0,10/10,1125,1,0.0,2,13,60,100%,within an hour,80-94/100,39,Private room,4.5-5.0/5.0,9/10,0.0,11,109,0.0,0.0,0.0,0.0,1.0,0.0,0.0,1.0,1.0,0.0,0.0,0.0,0.0,1.0,0.0,0.0,Torkkelinmäki
28929171,9/10,1.0,1.0,0.0,no reviews,1.5,1.0,0.0,0,CANCEL_STRICT_14_WITH_GRACE_PERIOD,9/10,Helsinki,8,9/10,10/10,0,0,10/10,1125,1,0.82,2,11,41,50-89%,within a day,80-94/100,1,Private room,,9/10,0.9,0,0,0.0,0.0,0.0,0.0,1.0,0.0,0.0,1.0,0.0,0.0,1.0,0.0,0.0,1.0,0.0,0.0,Katajanokka
26217722,9/10,1.0,1.0,1.0,4.5-5.0/5.0,1.5,2.0,5.0,1,CANCEL_MODERATE,10/10,Helsinki,43,0-8/10,10/10,0,0,9/10,1125,2,0.0,7,16,231,100%,within an hour,80-94/100,41,Entire home/apt,3.6-4.4/5.0,9/10,0.0,16,0,0.0,1.0,0.0,0.0,1.0,1.0,1.0,1.0,1.0,0.0,1.0,0.0,0.0,1.0,0.0,1.0,Kamppi
19711057,9/10,1.0,1.0,1.0,4.5-5.0/5.0,1.5,1.0,1.0,0,CANCEL_STRICT_14_WITH_GRACE_PERIOD,10/10,Helsinki,11,0-8/10,10/10,0,0,9/10,1125,1,0.6,2,9,59,50-89%,within a day,80-94/100,43,Private room,3.6-4.4/5.0,9/10,0.88,0,0,0.0,0.0,0.0,0.0,1.0,1.0,0.0,1.0,0.0,0.0,1.0,0.0,1.0,1.0,0.0,0.0,Katajanokka
21324895,9/10,1.0,1.0,1.0,3.6-4.4/5.0,1.0,1.0,1.0,1,CANCEL_MODERATE,10/10,Helsinki,38,0-8/10,10/10,0,0,9/10,180,1,0.82,3,15,104,0-49%,within a day,80-94/100,91,Entire home/apt,3.6-4.4/5.0,9/10,0.9,11,163,0.0,0.0,1.0,1.0,1.0,1.0,1.0,0.0,1.0,0.0,1.0,0.0,1.0,1.0,1.0,1.0,Torkkelinmäki
32101044,9/10,1.0,1.0,1.0,4.5-5.0/5.0,1.0,1.0,2.0,1,CANCEL_MODERATE,10/10,Helsinki,27,0-8/10,10/10,0,0,9/10,20,2,0.85,3,7,114,100%,within an hour,80-94/100,39,Entire home/apt,3.6-4.4/5.0,9/10,0.88,16,0,0.0,0.0,0.0,1.0,1.0,1.0,1.0,1.0,1.0,0.0,1.0,1.0,1.0,1.0,0.0,0.0,Vallila
41798417,9/10,1.0,1.0,1.0,no reviews,4.0,1.0,3.0,1,CANCEL_FLEXIBLE,10/10,Helsinki,0,0-8/10,10/10,0,0,9/10,1125,1,0.0,4,15,73,100%,within an hour,80-94/100,1,Private room,,9/10,0.0,0,0,1.0,0.0,1.0,1.0,1.0,1.0,0.0,1.0,0.0,1.0,1.0,0.0,0.0,1.0,1.0,0.0,Vilhonvuori
21584437,9/10,1.0,1.0,1.0,3.6-4.4/5.0,1.5,1.0,2.0,1,CANCEL_MODERATE,10/10,Helsinki,38,0-8/10,10/10,0,0,9/10,30,1,0.78,3,15,102,0-49%,a few days or more,80-94/100,83,Entire home/apt,3.6-4.4/5.0,9/10,0.86,11,0,1.0,0.0,0.0,1.0,1.0,1.0,1.0,1.0,0.0,0.0,1.0,0.0,0.0,1.0,1.0,1.0,Käpylä
27600932,9/10,1.0,1.0,1.0,4.5-5.0/5.0,1.5,0.0,1.0,0,CANCEL_FLEXIBLE,10/10,Helsinki,0,0-8/10,10/10,0,1,9/10,1125,1,1.0,3,7,109,50-89%,within a day,80-94/100,82,Entire home/apt,4.5-5.0/5.0,9/10,0.78,43,0,0.0,0.0,0.0,1.0,0.0,1.0,1.0,1.0,0.0,1.0,1.0,1.0,1.0,1.0,1.0,0.0,Vallila
26627094,9/10,1.0,1.0,1.0,4.5-5.0/5.0,1.0,3.0,7.0,1,CANCEL_STRICT_14_WITH_GRACE_PERIOD,10/10,Helsinki,54,0-8/10,10/10,0,1,9/10,1125,1,0.0,16,55,251,100%,within an hour,80-94/100,198,Entire home/apt,4.5-5.0/5.0,9/10,0.0,33,0,0.0,0.0,0.0,1.0,1.0,1.0,1.0,1.0,1.0,0.0,1.0,0.0,0.0,1.0,0.0,1.0,Kluuvi
11930159,9/10,1.0,1.0,1.0,4.5-5.0/5.0,1.0,1.0,2.0,0,CANCEL_STRICT_14_WITH_GRACE_PERIOD,10/10,Helsinki,16,0-8/10,10/10,0,0,9/10,1125,1,0.92,4,13,112,100%,within an hour,80-94/100,58,Entire home/apt,3.6-4.4/5.0,9/10,0.95,11,163,0.0,0.0,0.0,1.0,1.0,1.0,1.0,1.0,1.0,0.0,1.0,0.0,0.0,1.0,0.0,0.0,Punavuori
16036201,9/10,1.0,1.0,1.0,3.6-4.4/5.0,1.0,1.0,2.0,1,CANCEL_STRICT_14_WITH_GRACE_PERIOD,10/10,Helsinki,16,0-8/10,10/10,0,0,9/10,1125,1,0.85,2,11,76,100%,within an hour,80-94/100,99,Private room,3.6-4.4/5.0,9/10,0.95,11,0,0.0,0.0,0.0,0.0,1.0,1.0,0.0,1.0,1.0,0.0,0.0,0.0,1.0,1.0,0.0,0.0,Kamppi
30857170,9/10,1.0,1.0,1.0,4.5-5.0/5.0,1.0,1.0,2.0,1,CANCEL_FLEXIBLE,10/10,Helsinki,27,0-8/10,10/10,0,0,9/10,28,1,0.8,4,20,172,100%,within an hour,80-94/100,93,Entire home/apt,4.5-5.0/5.0,9/10,0.9,11,109,0.0,0.0,0.0,0.0,1.0,0.0,0.0,1.0,0.0,0.0,0.0,0.0,0.0,1.0,0.0,0.0,Kluuvi
42749304,9/10,1.0,1.0,1.0,no reviews,1.0,1.0,2.0,1,CANCEL_MODERATE,10/10,Helsinki,38,0-8/10,10/10,1,0,9/10,1125,2,0.0,3,12,115,100%,within an hour,80-94/100,0,Entire home/apt,,9/10,0.0,16,0,0.0,0.0,0.0,0.0,1.0,0.0,0.0,1.0,1.0,0.0,0.0,0.0,0.0,1.0,0.0,0.0,Kamppi
37322868,9/10,1.0,1.0,1.0,4.5-5.0/5.0,2.0,1.0,1.0,1,CANCEL_STRICT_14_WITH_GRACE_PERIOD,10/10,Helsinki,22,0-8/10,10/10,0,0,9/10,4,1,0.0,2,5,49,50-89%,within a few hours,80-94/100,8,Private room,4.5-5.0/5.0,9/10,0.0,11,0,0.0,1.0,1.0,1.0,0.0,1.0,1.0,1.0,0.0,0.0,1.0,1.0,0.0,1.0,0.0,1.0,Patola
41444017,9/10,1.0,1.0,1.0,4.5-5.0/5.0,1.5,1.0,1.0,1,CANCEL_STRICT_14_WITH_GRACE_PERIOD,10/10,Helsinki,16,0-8/10,10/10,0,1,9/10,1125,1,0.8,2,12,105,50-89%,within an hour,80-94/100,3,Private room,4.5-5.0/5.0,9/10,0.9,0,0,0.0,0.0,0.0,1.0,1.0,1.0,1.0,1.0,0.0,0.0,1.0,0.0,0.0,1.0,0.0,0.0,Taka-Töölö
1993764,10/10,1.0,1.0,0.0,3.6-4.4/5.0,1.0,1.0,4.0,1,CANCEL_MODERATE,10/10,Helsinki,22,9/10,10/10,0,0,10/10,1125,1,0.75,4,25,141,100%,within a few hours,80-94/100,112,Entire home/apt,3.6-4.4/5.0,10/10,0.95,11,98,0.0,0.0,0.0,0.0,1.0,1.0,0.0,1.0,1.0,0.0,0.0,0.0,0.0,1.0,0.0,0.0,Ullanlinna
41977582,10/10,1.0,1.0,0.0,no reviews,1.0,1.0,1.0,1,CANCEL_FLEXIBLE,10/10,Helsinki,0,9/10,10/10,0,0,10/10,1125,1,0.0,2,14,35,0-49%,unknown,80-94/100,0,Private room,,10/10,0.0,0,0,0.0,0.0,0.0,0.0,0.0,0.0,1.0,0.0,0.0,0.0,1.0,0.0,0.0,1.0,0.0,0.0,Mellunmäki
40676648,10/10,1.0,1.0,0.0,4.5-5.0/5.0,1.0,1.0,4.0,1,CANCEL_STRICT_14_WITH_GRACE_PERIOD,10/10,Helsinki,33,9/10,10/10,0,1,10/10,1125,1,0.0,6,8,141,100%,within an hour,80-94/100,10,Entire home/apt,4.5-5.0/5.0,10/10,0.0,22,0,0.0,1.0,0.0,0.0,1.0,1.0,0.0,1.0,1.0,0.0,1.0,0.0,0.0,1.0,1.0,1.0,Kruununhaka
36549681,10/10,1.0,1.0,0.0,4.5-5.0/5.0,1.0,1.0,1.0,0,CANCEL_STRICT_14_WITH_GRACE_PERIOD,10/10,Helsinki,0,9/10,10/10,0,0,10/10,4,1,0.0,2,1,63,100%,within an hour,80-94/100,52,Private room,4.5-5.0/5.0,10/10,0.0,0,0,0.0,0.0,0.0,0.0,0.0,0.0,0.0,1.0,1.0,0.0,0.0,0.0,0.0,1.0,0.0,0.0,Ullanlinna
25242999,10/10,1.0,1.0,0.0,4.5-5.0/5.0,1.5,1.0,2.0,1,CANCEL_FLEXIBLE,10/10,Helsinki,33,9/10,10/10,0,1,10/10,1125,1,0.9,5,20,153,100%,within an hour,80-94/100,51,Entire home/apt,4.5-5.0/5.0,10/10,0.95,33,326,0.0,0.0,0.0,1.0,1.0,1.0,1.0,1.0,0.0,1.0,1.0,0.0,1.0,1.0,1.0,0.0,Etu-Töölö
33382518,10/10,1.0,1.0,0.0,4.5-5.0/5.0,1.0,1.0,4.0,1,CANCEL_MODERATE,10/10,Helsinki,22,9/10,10/10,0,0,10/10,31,1,0.8,4,11,114,100%,within an hour,80-94/100,41,Entire home/apt,3.6-4.4/5.0,10/10,0.0,16,109,0.0,0.0,0.0,0.0,1.0,1.0,0.0,1.0,1.0,0.0,0.0,0.0,0.0,1.0,0.0,1.0,Ullanlinna
32160996,10/10,1.0,1.0,0.0,4.5-5.0/5.0,1.5,1.0,2.0,1,CANCEL_MODERATE,10/10,Helsinki,33,9/10,10/10,0,1,10/10,1125,1,0.77,4,6,179,100%,within an hour,80-94/100,24,Entire home/apt,4.5-5.0/5.0,10/10,0.91,11,0,0.0,1.0,0.0,1.0,1.0,1.0,1.0,1.0,1.0,0.0,1.0,0.0,0.0,1.0,0.0,1.0,Kamppi
35302325,10/10,1.0,1.0,0.0,4.5-5.0/5.0,1.5,1.0,1.0,0,CANCEL_STRICT_14_WITH_GRACE_PERIOD,10/10,Helsinki,5,9/10,10/10,0,0,10/10,17,1,1.0,2,2,71,100%,within an hour,80-94/100,43,Private room,3.6-4.4/5.0,10/10,0.97,16,0,0.0,0.0,0.0,0.0,1.0,1.0,0.0,0.0,0.0,0.0,0.0,0.0,0.0,1.0,0.0,0.0,Hernesaari
15822795,10/10,1.0,1.0,0.0,4.5-5.0/5.0,1.0,1.0,3.0,1,CANCEL_FLEXIBLE,10/10,Helsinki,16,9/10,10/10,0,0,10/10,1125,1,0.75,5,24,109,100%,within an hour,80-94/100,91,Entire home/apt,3.6-4.4/5.0,10/10,0.85,0,0,0.0,1.0,0.0,1.0,1.0,1.0,1.0,1.0,1.0,0.0,1.0,1.0,0.0,1.0,1.0,0.0,Pihlajamäki
22377940,10/10,1.0,1.0,0.0,no reviews,1.0,1.0,1.0,1,CANCEL_STRICT_14_WITH_GRACE_PERIOD,10/10,Helsinki,0,9/10,10/10,0,0,10/10,1125,1,0.0,1,24,59,50-89%,within a few hours,80-94/100,0,Entire home/apt,,10/10,0.0,0,0,0.0,0.0,0.0,0.0,1.0,0.0,0.0,0.0,0.0,0.0,0.0,0.0,0.0,1.0,0.0,0.0,Pitäjänmäen yritysalue
33305338,10/10,1.0,1.0,0.0,4.5-5.0/5.0,1.0,1.0,4.0,1,CANCEL_FLEXIBLE,10/10,Helsinki,32,9/10,10/10,0,0,10/10,30,1,0.8,4,9,115,100%,within an hour,80-94/100,86,Entire home/apt,3.6-4.4/5.0,10/10,0.85,14,0,1.0,1.0,0.0,1.0,1.0,1.0,1.0,1.0,0.0,1.0,1.0,0.0,0.0,1.0,1.0,1.0,Puistola
30973949,9/10,1.0,0.0,0.0,no reviews,0.0,1.0,1.0,1,CANCEL_STRICT_14_WITH_GRACE_PERIOD,0-8/10,Helsinki,0,9/10,9/10,0,0,9/10,7,1,0.0,2,10,93,0-49%,unknown,80-94/100,1,Private room,,9/10,0.0,0,0,0.0,0.0,0.0,0.0,1.0,0.0,0.0,1.0,0.0,0.0,0.0,0.0,0.0,1.0,0.0,0.0,Suomenlinna
21991859,9/10,1.0,0.0,0.0,3.6-4.4/5.0,1.0,2.0,5.0,1,CANCEL_STRICT_14_WITH_GRACE_PERIOD,0-8/10,Helsinki,43,9/10,9/10,0,0,9/10,1125,1,0.9,6,39,167,0-49%,unknown,80-94/100,60,Entire home/apt,3.6-4.4/5.0,9/10,1.0,27,543,0.0,0.0,0.0,0.0,1.0,0.0,1.0,1.0,1.0,0.0,0.0,0.0,1.0,1.0,1.0,1.0,Etu-Töölö
13731497,9/10,1.0,0.0,0.0,4.5-5.0/5.0,1.0,0.0,2.0,1,CANCEL_FLEXIBLE,0-8/10,Helsinki,16,9/10,9/10,0,1,9/10,5,1,0.0,3,12,115,0-49%,unknown,80-94/100,67,Entire home/apt,4.5-5.0/5.0,9/10,0.98,33,109,0.0,0.0,1.0,0.0,0.0,1.0,1.0,1.0,1.0,0.0,1.0,0.0,1.0,1.0,0.0,0.0,Ullanlinna
42584393,9/10,1.0,0.0,0.0,4.5-5.0/5.0,1.5,1.0,2.0,0,CANCEL_FLEXIBLE,0-8/10,Helsinki,16,9/10,9/10,0,0,9/10,1125,1,0.65,6,24,121,100%,within an hour,80-94/100,3,Entire home/apt,4.5-5.0/5.0,9/10,0.95,0,0,0.0,1.0,1.0,1.0,1.0,1.0,1.0,1.0,0.0,0.0,1.0,1.0,0.0,1.0,1.0,1.0,Katajanokka
41653754,9/10,1.0,0.0,0.0,4.5-5.0/5.0,4.0,1.0,3.0,1,CANCEL_FLEXIBLE,0-8/10,Helsinki,0,9/10,9/10,0,0,9/10,1125,1,0.0,4,13,73,100%,within an hour,80-94/100,3,Private room,4.5-5.0/5.0,9/10,0.0,0,0,1.0,0.0,1.0,1.0,1.0,1.0,0.0,1.0,0.0,1.0,1.0,0.0,0.0,1.0,1.0,0.0,Vilhonvuori
31973556,9/10,1.0,0.0,0.0,4.5-5.0/5.0,1.0,1.0,3.0,1,CANCEL_STRICT_14_WITH_GRACE_PERIOD,0-8/10,Helsinki,38,9/10,9/10,0,0,9/10,1125,1,0.75,5,16,167,50-89%,within an hour,80-94/100,16,Entire home/apt,3.6-4.4/5.0,9/10,0.9,33,0,0.0,0.0,0.0,0.0,1.0,1.0,1.0,1.0,1.0,1.0,1.0,0.0,0.0,1.0,1.0,0.0,Itä-Pasila
41587934,9/10,1.0,0.0,0.0,no reviews,1.5,1.0,3.0,1,CANCEL_STRICT_14_WITH_GRACE_PERIOD,0-8/10,Helsinki,16,9/10,9/10,0,1,9/10,1125,1,0.8,4,14,105,50-89%,within an hour,80-94/100,1,Private room,,9/10,0.9,11,0,0.0,0.0,0.0,1.0,1.0,1.0,1.0,1.0,0.0,0.0,1.0,0.0,0.0,1.0,0.0,0.0,Taka-Töölö
37384837,9/10,1.0,0.0,0.0,4.5-5.0/5.0,1.0,1.0,2.0,0,CANCEL_MODERATE,0-8/10,Helsinki,11,9/10,9/10,0,1,9/10,8,1,0.0,4,2,109,100%,within an hour,80-94/100,24,Entire home/apt,4.5-5.0/5.0,9/10,0.0,0,0,0.0,0.0,0.0,0.0,0.0,0.0,1.0,1.0,0.0,0.0,0.0,0.0,0.0,1.0,0.0,0.0,Vallila
4898630,9/10,1.0,0.0,0.0,4.5-5.0/5.0,1.5,3.0,9.0,1,CANCEL_STRICT_14_WITH_GRACE_PERIOD,0-8/10,Helsinki,22,9/10,9/10,0,0,9/10,1125,1,0.8,16,25,385,100%,within an hour,80-94/100,265,Entire home/apt,3.6-4.4/5.0,9/10,0.9,22,272,0.0,1.0,0.0,0.0,1.0,1.0,1.0,1.0,1.0,1.0,1.0,0.0,1.0,1.0,0.0,0.0,Jätkäsaari
2550059,9/10,1.0,0.0,0.0,4.5-5.0/5.0,1.5,2.0,2.0,1,CANCEL_STRICT_14_WITH_GRACE_PERIOD,0-8/10,Helsinki,87,9/10,9/10,0,0,9/10,1125,1,0.8,4,39,256,50-89%,within a few hours,80-94/100,132,Entire home/apt,4.5-5.0/5.0,9/10,0.95,0,543,0.0,0.0,0.0,0.0,0.0,0.0,0.0,0.0,0.0,0.0,0.0,0.0,0.0,0.0,0.0,0.0,Ruoholahti
39164238,9/10,1.0,0.0,0.0,no reviews,1.0,1.0,0.0,1,CANCEL_FLEXIBLE,0-8/10,Helsinki,16,9/10,9/10,0,0,9/10,7,1,0.94,2,1,42,100%,within a few hours,80-94/100,2,Private room,,9/10,0.95,0,0,0.0,0.0,0.0,0.0,1.0,0.0,0.0,1.0,0.0,0.0,1.0,0.0,0.0,1.0,0.0,0.0,Vesala
39743804,9/10,1.0,0.0,0.0,3.6-4.4/5.0,0.5,1.0,2.0,1,CANCEL_STRICT_14_WITH_GRACE_PERIOD,0-8/10,Helsinki,0,9/10,9/10,0,0,9/10,30,1,0.8,2,9,39,0-49%,unknown,80-94/100,3,Shared room,3.6-4.4/5.0,9/10,0.9,22,0,0.0,0.0,0.0,0.0,0.0,1.0,1.0,1.0,0.0,0.0,1.0,0.0,0.0,1.0,0.0,0.0,Talinranta
34502613,9/10,1.0,0.0,0.0,4.5-5.0/5.0,1.0,2.0,5.0,1,CANCEL_FLEXIBLE,0-8/10,Helsinki,32,9/10,9/10,0,0,9/10,1125,1,0.9,4,11,115,100%,within an hour,80-94/100,45,Entire home/apt,3.6-4.4/5.0,9/10,0.91,16,0,0.0,0.0,0.0,0.0,1.0,1.0,1.0,1.0,0.0,0.0,1.0,1.0,0.0,1.0,0.0,1.0,Puistola
41799227,9/10,1.0,0.0,0.0,no reviews,4.0,1.0,3.0,1,CANCEL_FLEXIBLE,0-8/10,Helsinki,0,9/10,9/10,0,0,9/10,1125,1,0.0,4,15,73,100%,within an hour,80-94/100,0,Private room,,9/10,0.0,0,0,1.0,0.0,1.0,1.0,1.0,1.0,0.0,1.0,0.0,1.0,1.0,0.0,0.0,1.0,1.0,0.0,Vilhonvuori
5713056,,1.0,1.0,0.0,0-3.5/5.0,1.5,1.0,1.0,1,CANCEL_MODERATE,,Helsinki,33,,,0,0,,1125,1,0.92,2,20,74,100%,within a few hours,,7,Private room,0-3.5/5.0,,0.96,11,326,1.0,0.0,1.0,0.0,1.0,1.0,1.0,1.0,0.0,0.0,1.0,0.0,1.0,1.0,0.0,0.0,Vanha Munkkiniemi
23867247,,1.0,1.0,0.0,4.5-5.0/5.0,1.0,1.0,1.0,1,CANCEL_FLEXIBLE,,Helsinki,38,,,0,0,,1125,1,0.85,4,11,154,100%,within an hour,,58,Entire home/apt,3.6-4.4/5.0,,0.95,11,0,1.0,0.0,0.0,0.0,1.0,0.0,0.0,1.0,1.0,0.0,1.0,0.0,1.0,1.0,1.0,0.0,Kamppi
13509024,,1.0,1.0,0.0,4.5-5.0/5.0,1.0,1.0,3.0,1,CANCEL_MODERATE,,Helsinki,22,,,0,0,,1125,1,0.75,4,34,128,100%,within a few hours,,69,Entire home/apt,3.6-4.4/5.0,,0.9,11,98,0.0,0.0,0.0,1.0,1.0,1.0,0.0,1.0,1.0,0.0,0.0,0.0,0.0,1.0,1.0,0.0,Ullanlinna
38279258,,1.0,1.0,0.0,3.6-4.4/5.0,1.0,1.0,1.0,1,CANCEL_FLEXIBLE,,Helsinki,0,,,0,0,,1125,1,0.0,2,10,74,100%,within a day,,3,Private room,3.6-4.4/5.0,,0.0,0,0,0.0,0.0,0.0,0.0,0.0,0.0,0.0,1.0,0.0,0.0,1.0,0.0,0.0,1.0,0.0,0.0,Pajamäki
41797530,,1.0,1.0,0.0,no reviews,6.0,1.0,3.0,1,CANCEL_FLEXIBLE,,Helsinki,0,,,0,0,,1125,1,0.0,4,12,73,100%,within an hour,,0,Private room,,,0.0,0,0,1.0,0.0,1.0,1.0,1.0,1.0,0.0,1.0,0.0,1.0,1.0,0.0,0.0,1.0,1.0,0.0,Vilhonvuori
41363321,,1.0,1.0,0.0,no reviews,1.5,3.0,5.0,1,CANCEL_STRICT_14_WITH_GRACE_PERIOD,,Helsinki,22,,,0,1,,1125,1,0.75,8,15,266,50-89%,within an hour,,1,Private room,,,0.9,0,0,0.0,0.0,0.0,1.0,1.0,1.0,1.0,1.0,0.0,0.0,1.0,0.0,0.0,1.0,1.0,0.0,Taka-Töölö
22411680,,1.0,1.0,0.0,no reviews,1.0,1.0,3.0,1,CANCEL_STRICT_14_WITH_GRACE_PERIOD,,Helsinki,0,,,0,0,,1125,1,0.0,3,21,72,50-89%,within a few hours,,1,Entire home/apt,,,0.0,0,0,0.0,0.0,0.0,0.0,1.0,0.0,0.0,0.0,0.0,0.0,0.0,0.0,0.0,1.0,0.0,0.0,Pitäjänmäen yritysalue
23778149,,1.0,1.0,0.0,4.5-5.0/5.0,1.0,1.0,1.0,0,CANCEL_FLEXIBLE,,Helsinki,0,,,0,0,,6,1,0.61,4,6,83,100%,within an hour,,55,Private room,3.6-4.4/5.0,,0.82,11,0,1.0,0.0,0.0,0.0,0.0,1.0,1.0,1.0,1.0,0.0,0.0,0.0,0.0,0.0,0.0,0.0,Siltasaari
35342403,,1.0,1.0,0.0,4.5-5.0/5.0,1.0,1.0,3.0,0,CANCEL_FLEXIBLE,,Helsinki,22,,,0,1,,1125,1,0.4,3,22,94,100%,within an hour,,7,Entire home/apt,4.5-5.0/5.0,,0.75,0,0,0.0,0.0,0.0,1.0,1.0,1.0,1.0,1.0,1.0,0.0,0.0,1.0,0.0,1.0,1.0,0.0,Vilhonvuori
41813525,,1.0,1.0,0.0,no reviews,1.0,1.0,2.0,0,CANCEL_FLEXIBLE,,Helsinki,0,,,0,0,,1125,1,0.0,3,3,100,100%,within a few hours,,2,Entire home/apt,,,0.0,0,0,1.0,0.0,0.0,0.0,1.0,1.0,1.0,1.0,0.0,0.0,1.0,0.0,0.0,1.0,0.0,1.0,Vallila
29734812,9/10,1.0,1.0,0.0,4.5-5.0/5.0,1.0,1.0,2.0,1,CANCEL_MODERATE,9/10,Helsinki,33,9/10,9/10,0,1,9/10,1125,1,0.9,5,8,360,50-89%,within a few hours,80-94/100,52,Entire home/apt,4.5-5.0/5.0,0-8/10,0.92,11,326,1.0,0.0,0.0,0.0,0.0,1.0,1.0,1.0,0.0,0.0,0.0,0.0,1.0,1.0,0.0,0.0,Kamppi
42370980,9/10,1.0,1.0,0.0,no reviews,1.0,1.0,4.0,0,CANCEL_MODERATE,9/10,Helsinki,5,9/10,9/10,1,0,9/10,1125,1,1.0,2,11,76,50-89%,within an hour,80-94/100,0,Shared room,,0-8/10,1.0,22,0,0.0,0.0,0.0,0.0,1.0,0.0,0.0,1.0,1.0,0.0,0.0,0.0,0.0,0.0,0.0,0.0,Linjat
30722049,9/10,1.0,1.0,0.0,3.6-4.4/5.0,1.0,1.0,3.0,1,CANCEL_STRICT_14_WITH_GRACE_PERIOD,9/10,Helsinki,0,9/10,9/10,0,0,9/10,1125,1,0.0,3,11,118,50-89%,within a day,80-94/100,9,Entire home/apt,3.6-4.4/5.0,0-8/10,0.0,0,0,0.0,0.0,0.0,0.0,1.0,0.0,0.0,1.0,0.0,0.0,0.0,0.0,0.0,1.0,1.0,1.0,Lassila
29531724,9/10,1.0,1.0,0.0,3.6-4.4/5.0,1.5,3.0,2.0,1,CANCEL_FLEXIBLE,9/10,Helsinki,0,9/10,9/10,0,0,9/10,1125,1,0.75,8,25,288,100%,within an hour,80-94/100,12,Entire home/apt,3.6-4.4/5.0,0-8/10,0.85,22,0,1.0,0.0,0.0,0.0,1.0,0.0,0.0,1.0,1.0,1.0,1.0,0.0,1.0,1.0,0.0,0.0,Jätkäsaari
39571678,9/10,1.0,1.0,0.0,4.5-5.0/5.0,1.0,2.0,3.0,0,CANCEL_STRICT_14_WITH_GRACE_PERIOD,9/10,Helsinki,65,9/10,9/10,0,1,9/10,1125,1,0.0,6,10,128,100%,within an hour,80-94/100,19,Entire home/apt,4.5-5.0/5.0,0-8/10,0.0,16,272,0.0,1.0,0.0,0.0,1.0,1.0,1.0,1.0,1.0,0.0,0.0,0.0,0.0,1.0,1.0,0.0,Punavuori
30722739,9/10,1.0,1.0,0.0,0-3.5/5.0,1.0,0.0,2.0,1,CANCEL_STRICT_14_WITH_GRACE_PERIOD,9/10,Helsinki,0,9/10,9/10,0,0,9/10,1125,1,0.0,2,8,98,50-89%,within a day,80-94/100,5,Entire home/apt,0-3.5/5.0,0-8/10,0.0,0,0,0.0,0.0,0.0,0.0,1.0,0.0,0.0,1.0,0.0,0.0,0.0,0.0,0.0,1.0,1.0,1.0,Lassila
43072263,9/10,1.0,1.0,0.0,no reviews,1.5,1.0,1.0,1,CANCEL_FLEXIBLE,9/10,Helsinki,0,9/10,9/10,1,0,9/10,3,1,0.0,2,10,26,0-49%,unknown,80-94/100,0,Private room,,0-8/10,0.0,0,0,0.0,0.0,0.0,0.0,0.0,0.0,0.0,0.0,1.0,0.0,1.0,0.0,0.0,0.0,0.0,0.0,Pohjois-Haaga
16178008,9/10,1.0,1.0,0.0,4.5-5.0/5.0,1.5,1.0,2.0,1,CANCEL_STRICT_14_WITH_GRACE_PERIOD,9/10,Helsinki,38,9/10,9/10,0,1,9/10,1125,1,0.6,2,46,147,0-49%,a few days or more,80-94/100,24,Private room,4.5-5.0/5.0,0-8/10,0.9,0,217,0.0,0.0,0.0,0.0,0.0,0.0,0.0,1.0,1.0,0.0,0.0,0.0,0.0,1.0,0.0,0.0,Etu-Töölö
1413969,9/10,1.0,1.0,0.0,4.5-5.0/5.0,1.0,1.0,1.0,0,CANCEL_FLEXIBLE,9/10,Helsinki,43,9/10,9/10,0,0,9/10,1125,1,0.85,3,19,154,0-49%,unknown,80-94/100,135,Entire home/apt,4.5-5.0/5.0,0-8/10,0.95,22,0,0.0,0.0,0.0,0.0,1.0,1.0,1.0,1.0,0.0,1.0,1.0,1.0,1.0,1.0,1.0,0.0,Punavuori
31602136,9/10,1.0,1.0,0.0,3.6-4.4/5.0,1.0,1.0,3.0,1,CANCEL_FLEXIBLE,9/10,Helsinki,0,9/10,9/10,0,0,9/10,28,1,0.7,2,25,77,100%,within an hour,80-94/100,3,Private room,3.6-4.4/5.0,0-8/10,0.9,0,0,0.0,0.0,1.0,0.0,1.0,0.0,0.0,1.0,0.0,0.0,1.0,0.0,1.0,1.0,0.0,0.0,Kruunuvuorenranta
42972344,9/10,1.0,1.0,0.0,no reviews,1.0,1.0,1.0,1,CANCEL_FLEXIBLE,9/10,Helsinki,38,9/10,9/10,1,1,9/10,1125,1,0.0,4,17,160,100%,within an hour,80-94/100,0,Entire home/apt,,0-8/10,0.0,0,0,1.0,0.0,0.0,0.0,1.0,0.0,0.0,1.0,0.0,0.0,0.0,0.0,0.0,1.0,0.0,1.0,Punavuori
21963789,9/10,1.0,1.0,0.0,4.5-5.0/5.0,1.5,1.0,2.0,0,CANCEL_STRICT_14_WITH_GRACE_PERIOD,9/10,Helsinki,11,9/10,9/10,0,0,9/10,10,1,0.0,3,16,90,100%,within an hour,80-94/100,84,Private room,4.5-5.0/5.0,0-8/10,0.0,11,0,0.0,0.0,0.0,0.0,0.0,0.0,0.0,1.0,1.0,0.0,0.0,0.0,0.0,1.0,0.0,0.0,Siltasaari
15718039,9/10,1.0,1.0,0.0,4.5-5.0/5.0,2.5,4.0,6.0,1,CANCEL_STRICT_14_WITH_GRACE_PERIOD,9/10,Helsinki,65,9/10,9/10,0,1,9/10,1125,1,0.95,8,34,450,50-89%,within an hour,80-94/100,161,Entire home/apt,4.5-5.0/5.0,0-8/10,0.95,0,0,1.0,0.0,1.0,1.0,1.0,1.0,1.0,1.0,1.0,1.0,1.0,0.0,1.0,1.0,1.0,0.0,Punavuori
36423072,0-8/10,1.0,1.0,0.0,no reviews,1.0,1.0,1.0,1,CANCEL_FLEXIBLE,0-8/10,Helsinki,11,0-8/10,0-8/10,0,0,0-8/10,1125,1,0.0,3,8,141,0-49%,unknown,0-79/100,1,Entire home/apt,,0-8/10,0.0,0,0,0.0,0.0,0.0,0.0,1.0,0.0,0.0,1.0,1.0,0.0,0.0,0.0,0.0,1.0,0.0,0.0,Ullanlinna
10902694,0-8/10,1.0,1.0,0.0,4.5-5.0/5.0,1.0,3.0,6.0,0,CANCEL_FLEXIBLE,0-8/10,Helsinki,43,0-8/10,0-8/10,0,0,0-8/10,1125,1,0.75,8,26,256,100%,within an hour,0-79/100,132,Entire home/apt,3.6-4.4/5.0,0-8/10,0.85,16,109,0.0,0.0,0.0,0.0,1.0,1.0,0.0,1.0,1.0,0.0,1.0,0.0,1.0,1.0,0.0,0.0,Etu-Töölö
42003502,0-8/10,1.0,1.0,0.0,no reviews,1.5,1.0,1.0,0,CANCEL_FLEXIBLE,0-8/10,Helsinki,0,0-8/10,0-8/10,0,0,0-8/10,7,1,0.56,4,10,56,100%,within an hour,0-79/100,1,Private room,,0-8/10,0.82,12,0,1.0,1.0,0.0,1.0,0.0,1.0,1.0,1.0,0.0,0.0,1.0,0.0,0.0,1.0,1.0,0.0,Lassila
29983992,0-8/10,1.0,1.0,0.0,4.5-5.0/5.0,1.0,1.0,1.0,0,CANCEL_FLEXIBLE,0-8/10,Helsinki,22,0-8/10,0-8/10,0,1,0-8/10,1125,1,1.0,2,10,65,50-89%,within an hour,0-79/100,31,Private room,4.5-5.0/5.0,0-8/10,1.0,0,326,1.0,1.0,0.0,1.0,1.0,1.0,1.0,1.0,1.0,0.0,0.0,0.0,1.0,1.0,1.0,0.0,Munkkivuori
23554650,0-8/10,1.0,1.0,0.0,4.5-5.0/5.0,1.0,0.0,1.0,1,CANCEL_MODERATE,0-8/10,Helsinki,16,0-8/10,0-8/10,0,1,0-8/10,1125,1,0.0,4,9,146,50-89%,within a day,0-79/100,15,Entire home/apt,3.6-4.4/5.0,0-8/10,0.0,16,272,0.0,0.0,0.0,0.0,0.0,0.0,0.0,0.0,1.0,0.0,0.0,0.0,1.0,1.0,0.0,1.0,Kamppi
42993990,0-8/10,1.0,1.0,0.0,no reviews,1.0,2.0,0.0,1,CANCEL_FLEXIBLE,0-8/10,Helsinki,0,0-8/10,0-8/10,1,0,0-8/10,365,1,0.9,6,7,96,100%,within a few hours,0-79/100,0,Entire home/apt,,0-8/10,0.95,0,0,0.0,0.0,0.0,0.0,1.0,0.0,0.0,1.0,1.0,0.0,1.0,0.0,0.0,1.0,0.0,0.0,Konala
40017917,0-8/10,1.0,1.0,0.0,4.5-5.0/5.0,1.0,0.0,2.0,0,CANCEL_FLEXIBLE,0-8/10,Helsinki,0,0-8/10,0-8/10,0,0,0-8/10,1125,1,0.0,4,10,128,100%,within a few hours,0-79/100,5,Entire home/apt,4.5-5.0/5.0,0-8/10,0.0,0,0,0.0,0.0,0.0,1.0,1.0,0.0,0.0,0.0,1.0,0.0,1.0,0.0,0.0,1.0,1.0,0.0,Harju
