accuracy_rating,allows_infants,allows_pets,avg_rating,bathrooms,bedrooms,beds,can_instant_book,cancel_policy,checkin_rating,city,cleaning_fee,cleanliness_rating,communication_rating,host_verified,is_new_listing,is_super_host,latitude,location_rating,longitude,max_nights,min_nights,monthly_price_factor,neighborhood,person_capacity,picture_count,price_string,review_score,reviews_count,room_type,space_type,value_rating,visible_review_count,weekly_price_factor,extra_people,security,air_conditioning,balcony,nature_and_views,bed_linen,tv,coffee_machine,cooking_basics,white_goods,elevator,child_friendly,parking,outdoor_space,host_greeting,internet,long_term_stays,private_entrance,geometry
0.0,,False,4.67,0.5,0.0,1.0,True,CANCEL_STRICT_14_WITH_GRACE_PERIOD,nan,Helsingfors,0,nan,nan,False,False,False,60.16708000000001,nan,24.93492,1125,1,0.0,Kamppi,2,17,38,nan,365,Entire home/apt,Entire apartment,nan,0.0,0.9,0,0,0.0,0.0,0.0,1.0,0.0,0.0,0.0,0.0,1.0,0.0,0.0,0.0,0.0,1.0,0.0,1.0,POINT (60.16708000000001 24.93492)
0.0,,False,4.81,1.5,1.0,3.0,False,CANCEL_MODERATE,nan,Helsinki,0,nan,nan,False,False,True,60.16653,nan,24.93362,60,1,0.8,Kamppi,7,22,58,nan,327,Entire home/apt,Entire condominium,nan,0.0,0.88,8,217,0.0,0.0,0.0,1.0,1.0,1.0,1.0,1.0,0.0,0.0,1.0,0.0,1.0,1.0,1.0,0.0,POINT (60.16653 24.93362)
0.0,,False,4.79,1.0,1.0,1.0,True,CANCEL_STRICT_14_WITH_GRACE_PERIOD,nan,Helsinki,0,nan,nan,False,False,True,60.15867,nan,24.94423,6,1,0.0,Ullanlinna,3,3,26,nan,115,Shared room,Shared room,nan,0.0,0.0,0,0,0.0,0.0,0.0,1.0,1.0,1.0,1.0,1.0,1.0,0.0,1.0,0.0,0.0,1.0,0.0,0.0,POINT (60.15867 24.94423)
0.0,,False,0.0,4.0,1.0,1.0,True,CANCEL_FLEXIBLE,nan,Helsinki,0,nan,nan,False,True,False,60.17884,nan,24.95787,1125,1,0.0,Kruununhaka,1,14,24,nan,2,Shared room,Hostel beds,nan,0.0,0.0,0,0,1.0,0.0,1.0,1.0,0.0,1.0,0.0,1.0,0.0,1.0,1.0,0.0,0.0,1.0,1.0,0.0,POINT (60.17884 24.95787)
0.0,,False,0.0,1.0,1.0,2.0,True,CANCEL_FLEXIBLE,nan,Helsingfors,11,nan,nan,False,True,False,60.16563000000001,nan,24.92996,1125,1,0.9,Kamppi,4,13,55,nan,1,Entire home/apt,Entire apartment,nan,0.0,0.9,0,2173,0.0,0.0,0.0,0.0,1.0,1.0,1.0,1.0,0.0,0.0,1.0,0.0,0.0,1.0,1.0,0.0,POINT (60.16563000000001 24.92996)
0.0,,False,4.91,1.0,1.0,1.0,False,CANCEL_FLEXIBLE,nan,Helsingfors,0,nan,nan,False,False,True,60.18126,nan,24.95034,7,1,0.0,Kruununhaka,1,6,49,nan,162,Private room,Private room,nan,0.0,0.0,0,0,0.0,0.0,0.0,1.0,0.0,0.0,0.0,1.0,1.0,0.0,0.0,0.0,0.0,1.0,0.0,0.0,POINT (60.18126 24.95034)
0.0,,False,4.84,1.0,0.0,2.0,True,CANCEL_MODERATE,nan,Helsingfors,27,nan,nan,False,False,True,60.17029,nan,24.94813,1125,1,0.0,Kluuvi,4,21,64,nan,138,Entire home/apt,Entire apartment,nan,0.0,0.0,33,0,0.0,1.0,0.0,1.0,1.0,1.0,1.0,1.0,1.0,0.0,1.0,1.0,0.0,1.0,1.0,1.0,POINT (60.17029 24.94813)
0.0,,False,4.87,1.5,0.0,2.0,True,CANCEL_MODERATE,nan,Helsingfors,16,nan,nan,False,False,True,60.17771,nan,24.92905,1125,1,0.9,Etu-Töölö,2,12,76,nan,76,Entire home/apt,Entire apartment,nan,0.0,0.95,0,0,0.0,0.0,0.0,0.0,1.0,0.0,1.0,0.0,1.0,0.0,0.0,0.0,0.0,1.0,0.0,1.0,POINT (60.17771 24.92905)
0.0,,False,4.84,1.0,0.0,2.0,False,CANCEL_MODERATE,nan,Helsinki,11,nan,nan,False,False,True,60.16552,nan,24.93575,1125,1,0.9,Kamppi,3,27,77,nan,93,Entire home/apt,Entire condominium,nan,0.0,0.93,33,217,0.0,0.0,0.0,1.0,0.0,1.0,1.0,1.0,1.0,0.0,0.0,0.0,1.0,1.0,1.0,1.0,POINT (60.16552 24.93575)
0.0,,False,4.72,1.0,0.0,1.0,True,CANCEL_MODERATE,nan,Helsinki,26,nan,nan,False,False,False,60.16025,nan,24.94361,1124,1,0.0,Ullanlinna,2,9,75,nan,503,Entire home/apt,Entire apartment,nan,0.0,0.9,0,217,0.0,0.0,0.0,0.0,1.0,0.0,0.0,1.0,1.0,0.0,1.0,0.0,1.0,1.0,0.0,0.0,POINT (60.16025 24.94361)
0.0,,False,4.67,1.5,1.0,1.0,True,CANCEL_FLEXIBLE,nan,Helsinki,0,nan,nan,False,False,False,60.1841,nan,24.94869,180,1,0.85,Kluuvi,4,5,52,nan,3,Entire home/apt,Entire apartment,nan,0.0,0.85,16,163,0.0,0.0,0.0,0.0,0.0,0.0,0.0,0.0,0.0,0.0,0.0,0.0,0.0,1.0,0.0,0.0,POINT (60.1841 24.94869)
0.0,,False,4.61,1.0,1.0,1.0,False,CANCEL_FLEXIBLE,nan,Helsinki,11,nan,nan,False,False,False,60.20571999999999,nan,24.95808,10,1,1.0,,2,14,48,nan,186,Entire home/apt,Entire guest suite,nan,0.0,1.0,11,0,0.0,0.0,0.0,1.0,0.0,1.0,0.0,1.0,0.0,0.0,1.0,0.0,1.0,1.0,0.0,0.0,POINT (60.20571999999999 24.95808)
0.0,,False,0.0,1.0,1.0,2.0,True,CANCEL_FLEXIBLE,nan,Helsingfors,0,nan,nan,False,True,False,60.19957,nan,24.93986,1125,1,0.0,,2,5,26,nan,0,Private room,Private room,nan,0.0,0.0,0,0,1.0,0.0,0.0,0.0,1.0,0.0,0.0,1.0,0.0,0.0,1.0,0.0,0.0,1.0,0.0,0.0,POINT (60.19957 24.93986)
0.0,,False,4.33,1.0,1.0,3.0,True,CANCEL_MODERATE,nan,Helsingfors,0,nan,nan,False,False,False,60.19797,nan,24.93661,1125,1,0.69,Taka-Töölö,3,11,35,nan,6,Private room,Private room,nan,0.0,0.9,9,97,1.0,0.0,0.0,1.0,1.0,0.0,0.0,1.0,0.0,0.0,0.0,0.0,0.0,1.0,1.0,0.0,POINT (60.19797 24.93661)
0.0,,False,4.66,1.5,1.0,1.0,True,CANCEL_FLEXIBLE,nan,Helsinki,4,nan,nan,False,False,True,60.20298,nan,24.8937,31,1,0.9,Ruskeasuo,3,10,35,nan,32,Private room,Private room,nan,0.0,0.94,7,0,0.0,1.0,1.0,1.0,1.0,1.0,1.0,1.0,1.0,1.0,1.0,0.0,1.0,1.0,1.0,0.0,POINT (60.20298 24.8937)
0.0,,False,4.62,1.0,1.0,2.0,True,CANCEL_MODERATE,nan,Helsinki,38,nan,nan,False,False,False,60.16801,nan,24.93224,1125,2,0.0,Kamppi,4,13,122,nan,42,Entire home/apt,Entire apartment,nan,0.0,0.0,16,0,1.0,1.0,0.0,1.0,0.0,1.0,1.0,1.0,1.0,0.0,0.0,0.0,0.0,1.0,0.0,0.0,POINT (60.16801 24.93224)
0.0,,False,4.88,1.5,1.0,2.0,True,CANCEL_FLEXIBLE,nan,Helsinki,9,nan,nan,False,False,True,60.18211,nan,24.92645,12,1,1.0,Taka-Töölö,2,6,55,nan,65,Private room,Private room,nan,0.0,0.9,16,0,0.0,0.0,0.0,1.0,1.0,1.0,0.0,1.0,1.0,0.0,0.0,0.0,1.0,1.0,0.0,0.0,POINT (60.18211 24.92645)
10.0,True,False,0.0,1.0,1.0,2.0,True,CANCEL_MODERATE,9/10,Helsinki,0,9/10,10/10,False,True,False,60.18724,10/10,24.96658,7,1,0.0,,2,6,39,80-94/100,1,Entire home/apt,Entire apartment,9/10,42.0,0.0,11,109,0.0,0.0,0.0,0.0,0.0,0.0,0.0,0.0,0.0,0.0,0.0,0.0,0.0,1.0,0.0,0.0,POINT (60.18724 24.96658)
10.0,True,False,4.82,1.0,0.0,1.0,True,CANCEL_MODERATE,9/10,Helsinki,0,9/10,10/10,False,False,False,60.17012,10/10,24.92739,10,1,1.0,Etu-Töölö,3,22,95,80-94/100,211,Entire home/apt,Entire apartment,9/10,42.0,0.95,0,0,0.0,0.0,0.0,0.0,0.0,0.0,0.0,0.0,0.0,0.0,0.0,0.0,0.0,0.0,0.0,0.0,POINT (60.17012 24.92739)
10.0,True,False,4.81,1.5,1.0,1.0,True,CANCEL_FLEXIBLE,9/10,Helsinki,4,9/10,10/10,False,False,True,60.20296999999999,10/10,24.89352,31,1,0.9,Ruskeasuo,3,10,32,80-94/100,27,Private room,Private room,9/10,42.0,0.94,7,0,0.0,1.0,1.0,1.0,0.0,1.0,1.0,1.0,1.0,1.0,1.0,0.0,1.0,1.0,1.0,0.0,POINT (60.20296999999999 24.89352)
10.0,True,False,4.75,1.0,1.0,1.0,True,CANCEL_STRICT_14_WITH_GRACE_PERIOD,9/10,Helsingfors,0,9/10,10/10,False,False,False,60.16465,10/10,24.92568,1125,1,1.0,Kamppi,2,13,58,80-94/100,84,Private room,Private room,9/10,42.0,0.95,0,0,0.0,0.0,0.0,1.0,1.0,1.0,1.0,1.0,0.0,0.0,0.0,0.0,1.0,1.0,0.0,0.0,POINT (60.16465 24.92568)
10.0,True,False,4.36,1.0,0.0,2.0,True,CANCEL_MODERATE,9/10,Helsinki,0,9/10,10/10,False,False,False,60.16065,10/10,24.93381,1125,1,0.8,Punavuori,3,8,81,80-94/100,25,Entire home/apt,Entire apartment,9/10,42.0,0.9,5,0,0.0,1.0,0.0,0.0,1.0,1.0,1.0,1.0,1.0,0.0,1.0,0.0,0.0,1.0,1.0,0.0,POINT (60.16065 24.93381)
10.0,True,False,4.85,1.5,1.0,2.0,True,CANCEL_MODERATE,9/10,Helsinki,38,9/10,10/10,False,False,True,60.1677,10/10,24.93186,1125,2,0.0,Kamppi,4,19,122,80-94/100,13,Entire home/apt,Entire condominium,9/10,42.0,0.0,16,0,0.0,1.0,0.0,1.0,1.0,1.0,1.0,1.0,1.0,1.0,1.0,0.0,0.0,1.0,1.0,1.0,POINT (60.1677 24.93186)
10.0,True,False,5.0,1.5,1.0,2.0,True,CANCEL_MODERATE,9/10,Helsinki,0,9/10,10/10,False,False,False,60.1883,10/10,24.96263,1125,1,0.85,,2,18,46,80-94/100,4,Entire home/apt,Entire apartment,9/10,42.0,0.9,0,0,0.0,0.0,0.0,1.0,1.0,1.0,1.0,1.0,0.0,0.0,0.0,0.0,0.0,1.0,1.0,0.0,POINT (60.1883 24.96263)
10.0,True,False,0.0,1.5,1.0,2.0,True,CANCEL_FLEXIBLE,9/10,Helsinki,0,9/10,10/10,False,True,False,60.23826,10/10,25.07771,1125,1,1.0,,1,6,26,80-94/100,2,Private room,Private room,9/10,42.0,1.0,0,0,0.0,0.0,0.0,0.0,0.0,0.0,0.0,1.0,0.0,0.0,0.0,0.0,0.0,1.0,0.0,0.0,POINT (60.23826 25.07771)
10.0,True,False,4.0,1.0,1.0,1.0,True,CANCEL_MODERATE,9/10,Helsinki,0,9/10,10/10,False,False,False,60.16826999999999,10/10,24.92888,1125,1,1.0,Kamppi,4,13,93,80-94/100,3,Entire home/apt,Entire apartment,9/10,42.0,1.0,5,0,0.0,1.0,0.0,1.0,1.0,1.0,1.0,1.0,0.0,0.0,0.0,0.0,0.0,1.0,1.0,0.0,POINT (60.16826999999999 24.92888)
10.0,True,False,4.77,1.0,1.0,2.0,True,CANCEL_STRICT_14_WITH_GRACE_PERIOD,9/10,Helsingfors,43,9/10,10/10,False,False,True,60.17026,10/10,24.94564,1124,1,0.85,Kluuvi,4,11,116,80-94/100,22,Entire home/apt,Entire condominium,9/10,42.0,0.9,16,0,0.0,0.0,0.0,1.0,1.0,1.0,1.0,1.0,1.0,0.0,0.0,0.0,0.0,1.0,1.0,0.0,POINT (60.17026 24.94564)
10.0,True,False,4.77,0.5,1.0,2.0,True,CANCEL_STRICT_14_WITH_GRACE_PERIOD,9/10,Helsinki,15,9/10,10/10,False,False,True,60.1896,10/10,24.94669,120,1,0.72,,2,13,58,80-94/100,105,Private room,Private room,9/10,42.0,0.96,15,97,0.0,0.0,0.0,0.0,0.0,1.0,0.0,1.0,1.0,0.0,1.0,1.0,1.0,1.0,0.0,0.0,POINT (60.1896 24.94669)
10.0,True,False,4.88,1.0,0.0,3.0,False,CANCEL_MODERATE,9/10,Helsingfors,22,9/10,10/10,False,False,True,60.17661999999999,10/10,24.92945,1125,1,0.0,Etu-Töölö,4,9,109,80-94/100,130,Entire home/apt,Entire loft,9/10,42.0,0.0,0,0,0.0,0.0,0.0,0.0,1.0,1.0,1.0,0.0,0.0,0.0,1.0,0.0,0.0,1.0,0.0,1.0,POINT (60.17661999999999 24.92945)
10.0,True,False,0.0,1.0,1.0,2.0,True,CANCEL_FLEXIBLE,9/10,Helsingfors,0,9/10,10/10,False,True,False,60.16945,10/10,24.92134,60,1,0.55,Etu-Töölö,2,4,46,80-94/100,0,Private room,Apartment room,9/10,42.0,0.65,0,0,0.0,0.0,0.0,0.0,0.0,0.0,0.0,1.0,0.0,0.0,0.0,0.0,1.0,1.0,0.0,0.0,POINT (60.16945 24.92134)
10.0,True,False,4.88,1.0,1.0,1.0,True,CANCEL_FLEXIBLE,9/10,Helsinki,0,9/10,10/10,False,False,False,60.22666,10/10,25.06331,1125,1,0.0,,2,9,41,80-94/100,27,Private room,Private room,9/10,42.0,0.0,0,0,0.0,0.0,0.0,0.0,0.0,0.0,0.0,1.0,1.0,0.0,1.0,0.0,1.0,1.0,0.0,1.0,POINT (60.22666 25.06331)
10.0,True,False,4.71,1.0,1.0,2.0,True,CANCEL_STRICT_14_WITH_GRACE_PERIOD,10/10,Helsinki,38,10/10,10/10,False,False,False,60.16882,10/10,24.93229,1125,2,0.0,Kamppi,4,12,122,80-94/100,21,Entire home/apt,Entire apartment,9/10,105.0,0.0,16,0,0.0,1.0,0.0,1.0,1.0,1.0,1.0,1.0,1.0,1.0,1.0,0.0,0.0,1.0,1.0,1.0,POINT (60.16882 24.93229)
10.0,True,False,4.95,1.5,1.0,1.0,True,CANCEL_MODERATE,10/10,Helsinki,0,10/10,10/10,False,False,True,60.15691999999999,10/10,24.94251,1125,1,0.8,Ullanlinna,2,16,101,80-94/100,158,Entire home/apt,Entire condominium,9/10,105.0,0.9,0,0,0.0,0.0,0.0,1.0,1.0,1.0,1.0,1.0,0.0,0.0,1.0,0.0,1.0,1.0,0.0,0.0,POINT (60.15691999999999 24.94251)
10.0,True,False,4.68,1.0,0.0,1.0,True,CANCEL_MODERATE,10/10,Helsinki,26,10/10,10/10,False,False,False,60.19519,10/10,24.9601,1124,1,0.74,,2,9,75,80-94/100,606,Entire home/apt,Entire apartment,9/10,105.0,0.9,0,217,0.0,0.0,0.0,0.0,1.0,0.0,0.0,1.0,0.0,0.0,1.0,0.0,1.0,1.0,1.0,0.0,POINT (60.19519 24.9601)
10.0,True,False,4.75,1.0,0.0,3.0,True,CANCEL_FLEXIBLE,10/10,Helsinki,14,10/10,10/10,False,False,False,60.17858,10/10,24.95323,1125,1,0.8,Kruununhaka,4,22,95,80-94/100,603,Entire home/apt,Entire apartment,9/10,105.0,0.9,9,0,0.0,1.0,1.0,1.0,1.0,1.0,1.0,1.0,1.0,1.0,1.0,0.0,0.0,1.0,1.0,0.0,POINT (60.17858 24.95323)
10.0,True,False,4.84,1.0,1.0,1.0,False,CANCEL_FLEXIBLE,10/10,Helsinki,0,10/10,10/10,False,False,True,60.21283,10/10,25.15161,1125,1,0.0,,2,6,27,80-94/100,52,Private room,Private room,9/10,105.0,0.0,0,0,0.0,0.0,0.0,0.0,0.0,0.0,0.0,0.0,0.0,0.0,0.0,0.0,0.0,1.0,0.0,0.0,POINT (60.21283 25.15161)
10.0,True,False,4.63,1.0,1.0,0.0,True,CANCEL_FLEXIBLE,10/10,Helsinki,4,10/10,10/10,False,False,True,60.20016999999999,10/10,25.11914,28,1,0.0,,3,4,28,80-94/100,8,Private room,Private room,9/10,105.0,0.94,7,0,0.0,1.0,1.0,1.0,1.0,1.0,1.0,1.0,0.0,1.0,1.0,1.0,1.0,1.0,0.0,0.0,POINT (60.20016999999999 25.11914)
10.0,True,False,4.74,1.0,1.0,1.0,True,CANCEL_MODERATE,10/10,Helsinki,43,10/10,10/10,False,False,False,60.17283000000001,10/10,24.94356,1125,2,0.0,Kluuvi,4,13,129,80-94/100,27,Entire home/apt,Entire apartment,9/10,105.0,0.0,16,0,0.0,0.0,0.0,0.0,1.0,1.0,1.0,1.0,1.0,0.0,0.0,0.0,0.0,1.0,0.0,0.0,POINT (60.17283000000001 24.94356)
10.0,True,False,3.98,1.0,1.0,1.0,True,CANCEL_MODERATE,10/10,Helsingfors,20,10/10,10/10,False,False,False,60.15796,10/10,24.94623,1125,1,0.0,,4,6,79,80-94/100,49,Entire home/apt,Entire apartment,9/10,105.0,0.95,11,0,0.0,0.0,0.0,1.0,0.0,0.0,1.0,0.0,0.0,0.0,0.0,0.0,1.0,1.0,0.0,0.0,POINT (60.15796 24.94623)
10.0,True,False,0.0,1.5,1.0,1.0,True,CANCEL_MODERATE,10/10,Helsinki,38,10/10,10/10,False,True,False,60.16975,10/10,24.9308,1125,2,0.0,Kamppi,4,16,115,80-94/100,2,Entire home/apt,Entire condominium,9/10,105.0,0.0,16,0,0.0,1.0,0.0,1.0,1.0,1.0,1.0,1.0,0.0,1.0,1.0,0.0,0.0,1.0,1.0,0.0,POINT (60.16975 24.9308)
10.0,True,False,4.78,1.0,0.0,3.0,True,CANCEL_MODERATE,10/10,Helsingfors,16,10/10,10/10,False,False,True,60.1756,10/10,24.92983,1125,1,0.0,Etu-Töölö,3,8,89,80-94/100,113,Entire home/apt,Entire loft,9/10,105.0,0.0,0,0,0.0,0.0,0.0,0.0,1.0,1.0,1.0,0.0,0.0,0.0,0.0,0.0,1.0,1.0,0.0,1.0,POINT (60.1756 24.92983)
10.0,True,False,4.49,1.0,1.0,1.0,True,CANCEL_STRICT_14_WITH_GRACE_PERIOD,10/10,Helsinki,5,10/10,10/10,False,False,False,60.23301,10/10,24.99648,1125,1,1.0,,2,11,39,80-94/100,84,Private room,Private room,9/10,105.0,1.0,11,0,0.0,0.0,0.0,0.0,1.0,0.0,0.0,1.0,1.0,0.0,1.0,0.0,0.0,1.0,0.0,1.0,POINT (60.23301 24.99648)
10.0,True,False,0.0,1.0,1.0,2.0,True,CANCEL_FLEXIBLE,10/10,Helsingfors,0,10/10,10/10,False,True,False,60.19888,10/10,24.93923,1125,1,0.0,Taka-Töölö,2,6,26,80-94/100,0,Private room,Private room,9/10,105.0,0.0,0,0,1.0,0.0,0.0,0.0,1.0,0.0,0.0,1.0,0.0,0.0,1.0,0.0,1.0,1.0,0.0,0.0,POINT (60.19888 24.93923)
10.0,True,False,4.84,1.0,1.0,0.0,True,CANCEL_MODERATE,10/10,Helsingfors,27,10/10,10/10,False,False,True,60.16679,10/10,24.92989,1125,1,0.0,Kamppi,4,5,96,80-94/100,128,Entire home/apt,Entire apartment,9/10,105.0,0.9,16,217,0.0,0.0,0.0,0.0,0.0,1.0,1.0,1.0,1.0,0.0,0.0,0.0,0.0,1.0,0.0,0.0,POINT (60.16679 24.92989)
10.0,True,False,0.0,4.0,1.0,2.0,True,CANCEL_FLEXIBLE,10/10,Helsingfors,0,10/10,10/10,False,False,False,60.17853,10/10,24.95962,1125,1,0.0,Kruununhaka,2,17,55,80-94/100,0,Private room,Hostel room,9/10,105.0,0.0,0,0,1.0,0.0,1.0,1.0,1.0,1.0,0.0,1.0,0.0,1.0,1.0,0.0,0.0,1.0,1.0,0.0,POINT (60.17853 24.95962)
10.0,True,False,4.55,0.5,0.0,1.0,True,CANCEL_FLEXIBLE,10/10,Helsinki,11,10/10,10/10,False,False,False,60.16492,10/10,24.93141,1125,1,0.85,Kamppi,3,19,107,80-94/100,326,Entire home/apt,Entire apartment,9/10,105.0,0.9,11,0,0.0,0.0,0.0,1.0,1.0,1.0,1.0,1.0,1.0,0.0,1.0,0.0,1.0,1.0,1.0,0.0,POINT (60.16492 24.93141)
10.0,True,False,4.68,1.0,1.0,1.0,False,CANCEL_STRICT_14_WITH_GRACE_PERIOD,10/10,Helsinki,11,10/10,10/10,False,False,False,60.24803000000001,10/10,25.00458,1125,1,0.9,,2,8,42,80-94/100,102,Private room,Private room,9/10,105.0,0.95,11,0,0.0,1.0,0.0,1.0,1.0,1.0,1.0,1.0,1.0,0.0,0.0,0.0,1.0,1.0,1.0,0.0,POINT (60.24803000000001 25.00458)
10.0,True,False,4.96,1.5,0.0,1.0,False,CANCEL_MODERATE,10/10,Helsinki,0,10/10,10/10,False,False,True,60.18223,10/10,24.94775,1125,1,0.72,Kluuvi,2,14,75,80-94/100,26,Entire home/apt,Entire apartment,9/10,105.0,0.87,22,0,0.0,0.0,0.0,1.0,1.0,1.0,1.0,1.0,1.0,0.0,1.0,0.0,0.0,1.0,0.0,0.0,POINT (60.18223 24.94775)
10.0,True,False,4.87,1.0,1.0,1.0,True,CANCEL_MODERATE,10/10,Helsingfors,10,10/10,10/10,False,False,True,60.18899999999999,10/10,25.03338,30,1,1.0,,2,11,56,80-94/100,119,Private room,Private room,9/10,105.0,1.0,0,0,1.0,1.0,0.0,1.0,1.0,1.0,1.0,1.0,1.0,0.0,0.0,0.0,1.0,1.0,1.0,0.0,POINT (60.18899999999999 25.03338)
10.0,True,False,4.76,1.0,1.0,2.0,False,CANCEL_MODERATE,10/10,Helsinki,11,10/10,10/10,False,False,True,60.21134,10/10,24.96724,31,1,0.8,,3,15,45,95-100/100,33,Private room,Private room,9/10,128.0,0.9,22,0,1.0,1.0,0.0,1.0,0.0,1.0,1.0,0.0,0.0,0.0,1.0,1.0,0.0,1.0,1.0,1.0,POINT (60.21134 24.96724)
10.0,True,False,4.81,1.0,1.0,1.0,True,CANCEL_MODERATE,10/10,Helsingfors,27,10/10,10/10,False,False,True,60.15605,10/10,24.9317,1125,1,0.75,Munkkisaari,2,24,109,95-100/100,77,Entire home/apt,Entire condominium,9/10,128.0,0.89,0,217,0.0,0.0,1.0,0.0,1.0,1.0,1.0,1.0,0.0,0.0,0.0,1.0,0.0,1.0,1.0,0.0,POINT (60.15605 24.9317)
10.0,True,False,4.71,1.0,0.0,2.0,True,CANCEL_MODERATE,10/10,Helsinki,0,10/10,10/10,False,False,False,60.16566,10/10,24.92887,1125,1,0.8,Kamppi,3,9,92,95-100/100,34,Entire home/apt,Entire apartment,9/10,128.0,0.9,5,0,0.0,0.0,0.0,1.0,1.0,1.0,1.0,1.0,1.0,0.0,1.0,0.0,0.0,1.0,1.0,0.0,POINT (60.16566 24.92887)
10.0,True,False,4.96,1.0,1.0,3.0,True,CANCEL_FLEXIBLE,10/10,Helsinki,16,10/10,10/10,False,False,True,60.17585,10/10,24.95941,1125,1,0.8,,4,19,114,95-100/100,25,Entire home/apt,Entire apartment,9/10,128.0,0.9,27,0,0.0,0.0,0.0,0.0,1.0,1.0,1.0,1.0,0.0,0.0,1.0,0.0,0.0,1.0,1.0,1.0,POINT (60.17585 24.95941)
10.0,True,False,4.62,1.0,1.0,1.0,True,CANCEL_FLEXIBLE,10/10,Helsingfors,0,10/10,10/10,False,False,False,60.20264,10/10,24.91875,30,1,0.75,,1,4,52,95-100/100,37,Private room,Private room,9/10,128.0,0.87,0,0,0.0,1.0,0.0,0.0,1.0,1.0,1.0,1.0,0.0,0.0,1.0,0.0,1.0,1.0,0.0,0.0,POINT (60.20264 24.91875)
10.0,True,False,4.87,1.0,1.0,1.0,True,CANCEL_FLEXIBLE,10/10,Helsinki,4,10/10,10/10,False,False,True,60.20016999999999,10/10,25.11914,28,1,0.0,,3,20,31,95-100/100,54,Private room,Private room,9/10,128.0,0.94,7,0,0.0,1.0,1.0,1.0,1.0,1.0,1.0,1.0,0.0,1.0,1.0,1.0,1.0,1.0,0.0,0.0,POINT (60.20016999999999 25.11914)
10.0,True,False,0.0,1.0,1.0,2.0,True,CANCEL_FLEXIBLE,10/10,Helsingfors,0,10/10,10/10,False,True,False,60.19933,10/10,24.93949,1125,1,0.0,Taka-Töölö,2,5,26,95-100/100,0,Private room,Private room,9/10,128.0,0.0,0,0,1.0,0.0,0.0,0.0,1.0,0.0,0.0,1.0,0.0,0.0,0.0,0.0,0.0,1.0,0.0,0.0,POINT (60.19933 24.93949)
10.0,True,False,4.75,1.0,1.0,1.0,True,CANCEL_MODERATE,10/10,Helsinki,12,10/10,10/10,False,False,False,60.1876,10/10,24.95954,10,1,1.0,,3,15,81,95-100/100,197,Entire home/apt,Entire apartment,9/10,128.0,0.95,13,0,0.0,0.0,0.0,1.0,0.0,1.0,1.0,1.0,1.0,0.0,1.0,0.0,0.0,1.0,0.0,0.0,POINT (60.1876 24.95954)
10.0,True,False,5.0,1.0,1.0,1.0,True,CANCEL_MODERATE,10/10,Helsinki,0,10/10,10/10,False,False,False,60.17464,10/10,24.91911,1125,1,0.0,Etu-Töölö,4,12,92,95-100/100,3,Entire home/apt,Entire apartment,9/10,128.0,0.0,5,0,0.0,0.0,0.0,1.0,1.0,1.0,1.0,1.0,0.0,0.0,1.0,0.0,0.0,1.0,1.0,0.0,POINT (60.17464 24.91911)
10.0,True,False,4.74,1.0,0.0,3.0,True,CANCEL_FLEXIBLE,10/10,Helsinki,11,10/10,10/10,False,False,False,60.1656,10/10,24.93041,1125,1,0.85,Kamppi,4,18,98,95-100/100,434,Entire home/apt,Entire apartment,9/10,128.0,0.9,11,0,0.0,0.0,0.0,1.0,1.0,1.0,1.0,1.0,0.0,0.0,1.0,0.0,1.0,1.0,1.0,0.0,POINT (60.1656 24.93041)
10.0,True,False,4.63,1.0,2.0,4.0,True,CANCEL_FLEXIBLE,10/10,Helsinki,38,10/10,10/10,False,False,False,60.17007,10/10,24.92772,150,1,0.7,Etu-Töölö,7,21,135,95-100/100,336,Entire home/apt,Entire apartment,9/10,128.0,0.85,16,0,1.0,0.0,0.0,0.0,1.0,1.0,1.0,1.0,1.0,0.0,1.0,0.0,0.0,1.0,0.0,0.0,POINT (60.17007 24.92772)
10.0,True,False,5.0,1.5,1.0,1.0,True,CANCEL_MODERATE,10/10,Helsinki,0,10/10,10/10,False,False,False,60.22875,10/10,24.85057,6,1,0.65,,2,7,38,95-100/100,3,Private room,Private room,9/10,128.0,0.85,5,0,1.0,0.0,0.0,0.0,0.0,0.0,0.0,1.0,1.0,0.0,1.0,0.0,0.0,0.0,0.0,0.0,POINT (60.22875 24.85057)
10.0,True,False,4.71,1.0,0.0,1.0,True,CANCEL_MODERATE,10/10,Helsinki,12,10/10,10/10,False,False,False,60.18791,10/10,24.96019,10,1,1.0,,3,19,81,95-100/100,143,Entire home/apt,Entire apartment,9/10,128.0,0.95,13,0,0.0,0.0,0.0,1.0,1.0,1.0,1.0,0.0,1.0,0.0,1.0,0.0,0.0,1.0,0.0,0.0,POINT (60.18791 24.96019)
10.0,True,False,4.73,1.5,1.0,1.0,False,CANCEL_MODERATE,10/10,Helsinki,0,10/10,10/10,False,False,True,60.16848,10/10,24.93497,30,1,0.75,Kamppi,4,26,108,95-100/100,304,Entire home/apt,Entire apartment,9/10,128.0,0.83,16,217,0.0,1.0,0.0,0.0,1.0,1.0,1.0,1.0,1.0,0.0,1.0,0.0,1.0,1.0,0.0,0.0,POINT (60.16848 24.93497)
0.0,False,False,4.92,1.0,1.0,2.0,True,CANCEL_FLEXIBLE,nan,Helsingfors,0,nan,nan,False,False,True,60.16172,nan,24.9411,8,1,0.87,Punavuori,2,6,58,nan,26,Shared room,Shared room,nan,0.0,0.87,27,0,0.0,0.0,1.0,0.0,1.0,1.0,1.0,1.0,1.0,0.0,0.0,0.0,0.0,1.0,0.0,0.0,POINT (60.16172 24.9411)
0.0,False,False,4.89,1.0,0.0,3.0,True,CANCEL_STRICT_14_WITH_GRACE_PERIOD,nan,Helsinki,0,nan,nan,False,False,True,60.22676,nan,24.96102,360,1,0.85,,3,30,75,nan,197,Entire home/apt,Entire apartment,nan,0.0,0.9,22,200,0.0,1.0,0.0,1.0,1.0,1.0,1.0,1.0,0.0,1.0,1.0,1.0,0.0,1.0,1.0,1.0,POINT (60.22676 24.96102)
0.0,False,False,4.91,1.0,1.0,4.0,True,CANCEL_FLEXIBLE,nan,Helsinki,14,nan,nan,False,False,False,60.17898,nan,24.95168,1125,1,0.7,Kruununhaka,4,22,99,nan,34,Entire home/apt,Entire apartment,nan,0.0,0.8,9,0,0.0,0.0,0.0,1.0,1.0,1.0,1.0,1.0,1.0,1.0,1.0,0.0,0.0,1.0,1.0,0.0,POINT (60.17898 24.95168)
0.0,False,False,0.0,1.5,1.0,1.0,True,CANCEL_FLEXIBLE,nan,Helsinki,0,nan,nan,False,True,False,60.17714,nan,24.93842,16,1,0.55,,3,5,154,nan,0,Entire home/apt,Entire apartment,nan,0.0,0.7,0,0,1.0,1.0,1.0,1.0,1.0,1.0,1.0,1.0,0.0,0.0,1.0,0.0,0.0,1.0,1.0,0.0,POINT (60.17714 24.93842)
0.0,False,False,4.64,1.0,0.0,1.0,False,CANCEL_MODERATE,nan,Helsinki,12,nan,nan,False,False,False,60.16089,nan,24.9376,7,1,1.0,Punavuori,2,12,85,nan,67,Entire home/apt,Entire apartment,nan,0.0,0.95,0,0,0.0,0.0,0.0,1.0,1.0,1.0,1.0,1.0,1.0,0.0,1.0,1.0,0.0,1.0,0.0,0.0,POINT (60.16089 24.9376)
0.0,False,False,4.16,1.0,0.0,1.0,True,CANCEL_MODERATE,nan,Helsinki,16,nan,nan,False,False,False,60.15764,nan,24.95218,1125,1,0.0,Ullanlinna,4,5,76,nan,69,Entire home/apt,Entire apartment,nan,0.0,0.9,11,0,0.0,0.0,0.0,0.0,0.0,0.0,0.0,0.0,0.0,0.0,0.0,0.0,0.0,1.0,0.0,0.0,POINT (60.15764 24.95218)
0.0,False,False,4.89,1.0,1.0,1.0,False,CANCEL_FLEXIBLE,nan,Helsingfors,5,nan,nan,False,False,True,60.26545,nan,25.02617,7,1,0.0,,2,37,51,nan,214,Private room,Private room,nan,0.0,0.0,0,0,1.0,0.0,0.0,1.0,1.0,1.0,0.0,0.0,0.0,0.0,1.0,0.0,0.0,1.0,0.0,0.0,POINT (60.26545 25.02617)
0.0,False,False,4.03,1.0,0.0,1.0,True,CANCEL_MODERATE,nan,Helsinki,17,nan,nan,False,False,False,60.15948,nan,24.9395,1125,1,0.0,Punavuori,2,8,78,nan,72,Entire home/apt,Entire apartment,nan,0.0,0.0,0,0,0.0,0.0,0.0,0.0,0.0,0.0,1.0,1.0,1.0,0.0,1.0,0.0,0.0,1.0,0.0,0.0,POINT (60.15948 24.9395)
0.0,False,False,0.0,1.0,1.0,2.0,True,CANCEL_FLEXIBLE,nan,Helsingfors,0,nan,nan,False,True,False,60.19986,nan,24.93848,1125,1,0.0,Taka-Töölö,2,9,26,nan,0,Private room,Private room,nan,0.0,0.0,0,0,1.0,0.0,0.0,0.0,1.0,0.0,0.0,1.0,0.0,0.0,1.0,0.0,0.0,1.0,0.0,0.0,POINT (60.19986 24.93848)
0.0,False,False,4.6,1.0,1.0,1.0,True,CANCEL_MODERATE,nan,Helsinki,22,nan,nan,False,False,False,60.16628000000001,nan,24.94315,20,1,1.0,Punavuori,1,15,79,nan,200,Private room,Private room,nan,0.0,0.89,0,217,0.0,0.0,0.0,1.0,0.0,1.0,1.0,1.0,1.0,0.0,1.0,0.0,1.0,1.0,0.0,0.0,POINT (60.16628000000001 24.94315)
0.0,False,False,3.54,1.5,0.0,2.0,True,CANCEL_MODERATE,nan,Helsinki,11,nan,nan,False,False,False,60.1687,nan,24.93748,1125,1,0.0,Kamppi,3,7,77,nan,14,Entire home/apt,Entire apartment,nan,0.0,0.9,5,0,0.0,0.0,0.0,0.0,0.0,0.0,0.0,1.0,0.0,0.0,0.0,0.0,0.0,1.0,0.0,0.0,POINT (60.1687 24.93748)
0.0,False,False,4.85,1.0,0.0,2.0,True,CANCEL_STRICT_14_WITH_GRACE_PERIOD,nan,Helsinki,33,nan,nan,False,False,True,60.17217,nan,24.945,1125,1,0.85,Kluuvi,2,5,88,nan,40,Entire home/apt,Entire apartment,nan,0.0,0.9,16,0,0.0,0.0,0.0,0.0,1.0,1.0,1.0,1.0,1.0,0.0,0.0,0.0,0.0,1.0,0.0,0.0,POINT (60.17217 24.945)
0.0,False,False,4.68,1.0,1.0,1.0,True,CANCEL_STRICT_14_WITH_GRACE_PERIOD,nan,Helsinki,0,nan,nan,False,False,False,60.24037,nan,25.09604,1125,1,0.0,,2,6,41,nan,69,Private room,Private room,nan,0.0,0.98,0,0,0.0,0.0,0.0,0.0,1.0,1.0,0.0,1.0,1.0,0.0,1.0,0.0,0.0,1.0,0.0,0.0,POINT (60.24037 25.09604)
0.0,False,False,4.5,1.0,1.0,2.0,True,CANCEL_FLEXIBLE,nan,Helsinki,22,nan,nan,False,False,False,60.17222,nan,24.92843,14,1,0.75,Etu-Töölö,3,10,95,nan,121,Entire home/apt,Entire apartment,nan,0.0,0.85,16,0,0.0,0.0,0.0,0.0,1.0,1.0,1.0,1.0,1.0,0.0,1.0,0.0,1.0,1.0,0.0,0.0,POINT (60.17222 24.92843)
0.0,False,False,4.91,1.0,1.0,1.0,False,CANCEL_FLEXIBLE,nan,Helsinki,49,nan,nan,True,False,True,60.15996,nan,24.93835,1125,1,0.8,Punavuori,4,14,128,nan,95,Entire home/apt,Entire apartment,nan,0.0,0.9,33,0,0.0,0.0,0.0,0.0,1.0,1.0,0.0,1.0,0.0,0.0,1.0,0.0,0.0,1.0,0.0,0.0,POINT (60.15996 24.93835)
0.0,False,False,4.95,1.0,1.0,1.0,False,CANCEL_STRICT_14_WITH_GRACE_PERIOD,nan,Helsingfors,0,nan,nan,False,False,True,60.2619,nan,25.06961,6,1,0.0,,2,7,39,nan,37,Private room,Private room,nan,0.0,0.0,11,0,1.0,1.0,0.0,1.0,1.0,1.0,1.0,1.0,1.0,0.0,1.0,0.0,1.0,1.0,0.0,1.0,POINT (60.2619 25.06961)
0.0,False,False,4.65,1.0,2.0,4.0,True,CANCEL_MODERATE,nan,Helsinki,54,nan,nan,False,False,False,60.16517,nan,24.94694,1125,2,0.0,Kaartinkaupunki,8,14,142,nan,26,Entire home/apt,Entire apartment,nan,0.0,0.0,16,0,0.0,0.0,0.0,0.0,1.0,1.0,0.0,0.0,0.0,0.0,0.0,0.0,0.0,1.0,0.0,0.0,POINT (60.16517 24.94694)
10.0,True,False,4.81,1.0,1.0,2.0,False,CANCEL_FLEXIBLE,10/10,Helsinki,22,10/10,10/10,False,False,True,60.19322,10/10,24.95705,1125,1,0.85,,3,18,90,95-100/100,175,Entire home/apt,Entire apartment,10/10,214.0,0.9,0,0,0.0,0.0,0.0,1.0,1.0,1.0,1.0,1.0,0.0,1.0,0.0,0.0,1.0,1.0,1.0,0.0,POINT (60.19322 24.95705)
10.0,True,False,4.74,1.0,1.0,2.0,True,CANCEL_MODERATE,10/10,Helsinki,38,10/10,10/10,False,False,False,60.16448000000001,10/10,24.93806,1125,2,0.0,Punavuori,4,15,109,95-100/100,47,Entire home/apt,Entire apartment,10/10,214.0,0.0,16,0,0.0,0.0,0.0,1.0,1.0,1.0,0.0,1.0,0.0,0.0,0.0,0.0,0.0,1.0,1.0,0.0,POINT (60.16448000000001 24.93806)
10.0,True,False,0.0,1.0,1.0,2.0,True,CANCEL_MODERATE,10/10,Helsingfors,38,10/10,10/10,False,False,False,60.1648,10/10,24.92438,1125,2,0.0,Kamppi,4,9,83,95-100/100,1,Entire home/apt,Entire apartment,10/10,214.0,0.0,16,0,0.0,0.0,0.0,0.0,1.0,0.0,0.0,0.0,0.0,0.0,0.0,0.0,0.0,1.0,0.0,0.0,POINT (60.1648 24.92438)
10.0,True,False,0.0,1.0,1.0,1.0,True,CANCEL_FLEXIBLE,10/10,Helsingfors,0,10/10,10/10,False,True,False,60.16383,10/10,24.92686,1125,1,0.95,Kamppi,2,8,53,95-100/100,0,Entire home/apt,Entire apartment,10/10,214.0,0.95,11,163,0.0,0.0,0.0,0.0,1.0,0.0,0.0,1.0,0.0,0.0,0.0,0.0,0.0,1.0,0.0,0.0,POINT (60.16383 24.92686)
10.0,True,False,4.9,1.0,0.0,1.0,True,CANCEL_STRICT_14_WITH_GRACE_PERIOD,10/10,Helsingfors,10,10/10,10/10,False,False,True,60.16664,10/10,24.93078,1125,1,0.95,Kamppi,2,10,112,95-100/100,163,Entire home/apt,Entire condominium,10/10,214.0,0.95,0,0,0.0,0.0,0.0,1.0,1.0,1.0,1.0,0.0,0.0,0.0,1.0,0.0,1.0,1.0,0.0,0.0,POINT (60.16664 24.93078)
10.0,True,False,4.76,1.5,0.0,1.0,True,CANCEL_FLEXIBLE,10/10,Helsinki,16,10/10,10/10,False,False,False,60.1722,10/10,24.94511,1125,1,0.85,Kluuvi,4,12,118,95-100/100,385,Entire home/apt,Entire apartment,10/10,214.0,0.9,11,0,0.0,0.0,0.0,1.0,1.0,1.0,1.0,1.0,0.0,0.0,1.0,0.0,1.0,1.0,1.0,0.0,POINT (60.1722 24.94511)
10.0,True,False,4.92,1.0,1.0,1.0,True,CANCEL_STRICT_14_WITH_GRACE_PERIOD,10/10,Helsinki,10,10/10,10/10,False,False,True,60.20322,10/10,25.05827,1125,1,0.8,,2,13,82,95-100/100,24,Entire home/apt,Entire apartment,10/10,214.0,0.9,0,0,0.0,0.0,0.0,1.0,1.0,1.0,1.0,1.0,0.0,0.0,1.0,0.0,0.0,1.0,0.0,0.0,POINT (60.20322 25.05827)
10.0,True,False,4.85,1.0,0.0,2.0,True,CANCEL_FLEXIBLE,10/10,Helsinki,11,10/10,10/10,False,False,False,60.16396999999999,10/10,24.92801,1125,1,0.85,Kamppi,4,25,106,95-100/100,195,Entire home/apt,Entire apartment,10/10,214.0,0.9,11,0,0.0,0.0,0.0,1.0,1.0,1.0,1.0,1.0,1.0,1.0,1.0,1.0,1.0,1.0,1.0,0.0,POINT (60.16396999999999 24.92801)
10.0,True,False,4.78,1.0,1.0,1.0,False,CANCEL_MODERATE,10/10,Helsingfors,0,10/10,10/10,False,False,True,60.17482,10/10,24.95901,1125,1,0.8,Kruununhaka,3,12,90,95-100/100,55,Entire home/apt,Entire apartment,10/10,214.0,0.9,0,0,1.0,0.0,1.0,1.0,1.0,1.0,1.0,1.0,0.0,0.0,0.0,0.0,0.0,1.0,1.0,1.0,POINT (60.17482 24.95901)
10.0,True,False,4.93,1.5,1.0,1.0,False,CANCEL_FLEXIBLE,10/10,Helsinki,22,10/10,10/10,False,False,True,60.16369,10/10,24.92686,5,1,0.71,Kamppi,3,9,89,95-100/100,15,Entire home/apt,Entire apartment,10/10,214.0,0.86,22,0,0.0,1.0,0.0,1.0,1.0,1.0,1.0,1.0,1.0,0.0,1.0,0.0,0.0,1.0,0.0,0.0,POINT (60.16369 24.92686)
10.0,True,False,0.0,4.0,1.0,2.0,True,CANCEL_FLEXIBLE,10/10,Helsingfors,0,10/10,10/10,False,False,False,60.17876999999999,10/10,24.9578,1125,1,0.0,Kruununhaka,2,16,55,95-100/100,0,Private room,Hostel room,10/10,214.0,0.0,0,0,1.0,0.0,1.0,1.0,1.0,1.0,0.0,1.0,0.0,1.0,1.0,0.0,0.0,1.0,1.0,0.0,POINT (60.17876999999999 24.9578)
10.0,True,False,0.0,1.5,1.0,1.0,True,CANCEL_FLEXIBLE,10/10,Helsinki,0,10/10,10/10,False,True,False,60.23954000000001,10/10,24.85264,1125,1,0.9,,2,7,31,95-100/100,0,Private room,Private room,10/10,214.0,0.95,0,0,0.0,0.0,0.0,0.0,1.0,0.0,0.0,1.0,1.0,0.0,1.0,0.0,0.0,1.0,0.0,0.0,POINT (60.23954000000001 24.85264)
10.0,True,False,4.68,1.0,4.0,1.0,False,CANCEL_FLEXIBLE,10/10,Helsinki,11,10/10,10/10,False,False,False,60.23279,10/10,25.03018,1125,1,0.69,,2,13,39,95-100/100,35,Private room,Private room,10/10,214.0,0.88,0,0,1.0,1.0,0.0,0.0,1.0,1.0,1.0,1.0,1.0,0.0,1.0,0.0,1.0,1.0,0.0,0.0,POINT (60.23279 25.03018)
10.0,True,False,4.81,1.5,1.0,3.0,False,CANCEL_MODERATE,10/10,Helsinki,0,10/10,10/10,False,False,True,60.25662,10/10,24.98816,21,1,0.8,,2,14,54,95-100/100,42,Private room,Private room,10/10,214.0,0.9,11,0,0.0,1.0,0.0,1.0,1.0,1.0,1.0,1.0,0.0,0.0,1.0,1.0,1.0,1.0,0.0,1.0,POINT (60.25662 24.98816)
10.0,True,False,4.81,1.5,1.0,1.0,True,CANCEL_STRICT_14_WITH_GRACE_PERIOD,10/10,Helsinki,33,10/10,10/10,False,False,True,60.17158000000001,10/10,24.9444,1125,1,0.0,Kluuvi,6,8,116,80-94/100,16,Entire home/apt,Entire apartment,10/10,385.0,0.0,22,0,0.0,1.0,0.0,0.0,1.0,1.0,1.0,1.0,1.0,0.0,1.0,0.0,0.0,1.0,0.0,1.0,POINT (60.17158000000001 24.9444)
10.0,True,False,4.34,1.0,1.0,1.0,False,CANCEL_STRICT_14_WITH_GRACE_PERIOD,10/10,Helsingfors,11,10/10,10/10,False,False,False,60.17876999999999,10/10,24.95429,20,1,0.9,,2,10,65,80-94/100,51,Private room,Private room,10/10,385.0,0.9,27,0,0.0,0.0,0.0,0.0,0.0,0.0,0.0,1.0,0.0,0.0,1.0,0.0,1.0,1.0,0.0,0.0,POINT (60.17876999999999 24.95429)
10.0,True,False,4.6,1.0,1.0,4.0,True,CANCEL_MODERATE,10/10,Helsinki,38,10/10,10/10,False,False,False,60.17111,10/10,24.92836,1125,2,0.0,Etu-Töölö,6,11,122,80-94/100,62,Entire home/apt,Entire apartment,10/10,385.0,0.0,16,0,0.0,0.0,0.0,1.0,1.0,1.0,0.0,1.0,1.0,0.0,0.0,0.0,0.0,1.0,1.0,0.0,POINT (60.17111 24.92836)
10.0,True,False,4.9,1.5,0.0,1.0,False,CANCEL_STRICT_14_WITH_GRACE_PERIOD,10/10,Helsingfors,24,10/10,10/10,False,False,False,60.18456,10/10,24.95495,7,1,0.0,,3,14,101,80-94/100,10,Entire home/apt,Entire condominium,10/10,385.0,0.85,0,0,0.0,0.0,0.0,1.0,1.0,1.0,1.0,1.0,0.0,0.0,1.0,1.0,0.0,1.0,1.0,0.0,POINT (60.18456 24.95495)
10.0,True,False,4.12,1.0,1.0,4.0,True,CANCEL_MODERATE,10/10,Helsinki,38,10/10,10/10,False,False,False,60.16455,10/10,24.94293,1125,2,0.0,Punavuori,6,15,115,80-94/100,78,Entire home/apt,Entire apartment,10/10,385.0,0.0,16,0,0.0,0.0,0.0,1.0,1.0,1.0,0.0,0.0,0.0,0.0,0.0,0.0,0.0,1.0,1.0,0.0,POINT (60.16455 24.94293)
10.0,True,False,5.0,2.0,1.0,2.0,False,CANCEL_STRICT_14_WITH_GRACE_PERIOD,10/10,Helsingfors,20,10/10,10/10,False,False,False,60.18906,10/10,24.9151,1125,1,0.8,Taka-Töölö,4,7,88,80-94/100,16,Entire home/apt,Entire apartment,10/10,385.0,0.85,16,0,0.0,0.0,0.0,0.0,0.0,1.0,1.0,1.0,1.0,0.0,0.0,0.0,0.0,1.0,1.0,0.0,POINT (60.18906 24.9151)
10.0,True,False,4.93,1.5,1.0,7.0,True,CANCEL_STRICT_14_WITH_GRACE_PERIOD,10/10,Helsinki,0,10/10,10/10,False,False,True,60.22709,10/10,24.96264,360,1,0.85,,10,43,95,80-94/100,237,Entire home/apt,Entire apartment,10/10,385.0,0.9,22,272,0.0,1.0,0.0,1.0,1.0,1.0,1.0,1.0,0.0,1.0,1.0,1.0,0.0,1.0,1.0,1.0,POINT (60.22709 24.96264)
10.0,True,False,4.61,1.5,1.0,2.0,True,CANCEL_STRICT_14_WITH_GRACE_PERIOD,10/10,Helsinki,0,10/10,10/10,False,False,False,60.18366999999999,10/10,24.94319,1125,1,0.7,Kluuvi,4,5,83,80-94/100,36,Entire home/apt,Entire apartment,10/10,385.0,0.8,5,0,0.0,0.0,0.0,0.0,0.0,1.0,1.0,1.0,1.0,0.0,0.0,0.0,1.0,1.0,0.0,1.0,POINT (60.18366999999999 24.94319)
10.0,True,False,0.0,1.0,1.0,1.0,True,CANCEL_MODERATE,10/10,Helsingfors,5,10/10,10/10,False,False,False,60.17186,10/10,24.91893,1125,1,0.0,Etu-Töölö,2,6,45,80-94/100,2,Shared room,Shared room,10/10,385.0,0.0,11,434,0.0,0.0,0.0,0.0,1.0,0.0,0.0,1.0,0.0,0.0,0.0,0.0,1.0,1.0,0.0,0.0,POINT (60.17186 24.91893)
10.0,True,False,0.0,4.0,1.0,2.0,True,CANCEL_FLEXIBLE,10/10,Helsingfors,0,10/10,10/10,False,False,False,60.17928000000001,10/10,24.95824,1125,1,0.0,Kruununhaka,2,18,55,80-94/100,0,Private room,Hostel room,10/10,385.0,0.0,0,0,1.0,0.0,1.0,1.0,1.0,1.0,0.0,1.0,0.0,1.0,1.0,0.0,0.0,1.0,1.0,0.0,POINT (60.17928000000001 24.95824)
10.0,True,False,4.92,1.0,2.0,3.0,True,CANCEL_FLEXIBLE,10/10,Helsinki,49,10/10,10/10,False,False,True,60.16141,10/10,24.93654,1125,1,0.0,Punavuori,6,15,164,80-94/100,36,Entire home/apt,Entire apartment,10/10,385.0,0.0,33,0,0.0,0.0,0.0,1.0,1.0,1.0,1.0,1.0,0.0,0.0,1.0,0.0,0.0,1.0,1.0,0.0,POINT (60.16141 24.93654)
10.0,True,False,4.6,1.0,0.0,2.0,False,CANCEL_MODERATE,10/10,Helsinki,0,10/10,10/10,False,False,False,60.17999,10/10,24.95602,7,1,0.85,Kruununhaka,2,9,90,80-94/100,5,Entire home/apt,Entire apartment,10/10,385.0,0.89,0,4347,0.0,0.0,0.0,0.0,1.0,0.0,1.0,1.0,0.0,0.0,1.0,0.0,0.0,1.0,0.0,0.0,POINT (60.17999 24.95602)
10.0,True,False,4.42,1.5,2.0,2.0,True,CANCEL_STRICT_14_WITH_GRACE_PERIOD,10/10,Helsinki,43,10/10,10/10,False,False,False,60.16944,10/10,24.93189,90,1,0.84,Kamppi,5,46,201,80-94/100,204,Entire home/apt,Entire apartment,10/10,385.0,0.9,22,217,0.0,1.0,0.0,1.0,1.0,1.0,1.0,1.0,1.0,0.0,1.0,0.0,0.0,1.0,1.0,0.0,POINT (60.16944 24.93189)
10.0,True,False,4.81,1.0,1.0,1.0,False,CANCEL_MODERATE,10/10,Helsinki,27,10/10,10/10,False,False,False,60.16588,10/10,24.9436,60,1,0.65,Punavuori,2,14,96,80-94/100,112,Private room,Private room,10/10,385.0,0.9,22,217,0.0,0.0,0.0,1.0,0.0,1.0,1.0,1.0,1.0,1.0,1.0,0.0,0.0,1.0,1.0,0.0,POINT (60.16588 24.9436)
9.0,True,False,4.74,1.0,2.0,3.0,True,CANCEL_MODERATE,9/10,Helsinki,33,9/10,10/10,False,False,True,60.17633000000001,10/10,24.92625,1125,1,0.0,Etu-Töölö,6,23,154,80-94/100,84,Entire home/apt,Entire loft,9/10,62.0,0.0,11,0,1.0,0.0,0.0,1.0,1.0,1.0,1.0,1.0,1.0,0.0,1.0,0.0,1.0,1.0,0.0,0.0,POINT (60.17633000000001 24.92625)
9.0,True,False,4.45,1.0,0.0,3.0,True,CANCEL_STRICT_14_WITH_GRACE_PERIOD,9/10,Helsinki,43,9/10,10/10,False,False,True,60.16877,10/10,24.93597,1125,1,0.85,Kamppi,5,9,122,80-94/100,11,Entire home/apt,Entire apartment,9/10,62.0,0.9,16,0,0.0,0.0,0.0,0.0,1.0,1.0,1.0,1.0,1.0,0.0,0.0,0.0,0.0,1.0,1.0,0.0,POINT (60.16877 24.93597)
9.0,True,False,4.88,1.0,1.0,1.0,True,CANCEL_MODERATE,9/10,Helsinki,13,9/10,10/10,False,False,False,60.15778,10/10,24.94277,1125,1,0.85,Ullanlinna,3,35,104,80-94/100,51,Entire home/apt,Entire apartment,9/10,62.0,0.9,11,0,0.0,0.0,0.0,1.0,1.0,0.0,1.0,1.0,0.0,0.0,0.0,0.0,0.0,1.0,1.0,0.0,POINT (60.15778 24.94277)
9.0,True,False,4.85,1.0,1.0,2.0,True,CANCEL_STRICT_14_WITH_GRACE_PERIOD,9/10,Helsinki,43,9/10,10/10,False,False,True,60.17035,10/10,24.9462,1125,1,0.85,Kluuvi,4,9,138,80-94/100,55,Entire home/apt,Entire apartment,9/10,62.0,0.9,16,0,1.0,1.0,0.0,1.0,1.0,1.0,1.0,1.0,1.0,0.0,0.0,0.0,0.0,1.0,1.0,0.0,POINT (60.17035 24.9462)
9.0,True,False,4.91,1.5,1.0,2.0,False,CANCEL_FLEXIBLE,9/10,Helsinki,0,9/10,10/10,False,False,True,60.2136,10/10,24.90008,14,1,1.0,Ruskeasuo,2,11,77,80-94/100,45,Entire home/apt,Entire apartment,9/10,62.0,1.0,0,0,0.0,1.0,0.0,0.0,1.0,1.0,1.0,1.0,0.0,0.0,1.0,1.0,0.0,1.0,0.0,0.0,POINT (60.2136 24.90008)
9.0,True,False,4.86,1.5,0.0,2.0,True,CANCEL_STRICT_14_WITH_GRACE_PERIOD,9/10,Helsinki,43,9/10,10/10,False,False,True,60.17174,10/10,24.94574,1125,1,0.0,Kluuvi,8,30,167,80-94/100,144,Entire home/apt,Entire apartment,9/10,62.0,0.0,33,0,0.0,1.0,0.0,1.0,1.0,1.0,1.0,1.0,1.0,0.0,1.0,0.0,0.0,1.0,0.0,1.0,POINT (60.17174 24.94574)
9.0,True,False,0.0,1.0,1.0,1.0,True,CANCEL_MODERATE,9/10,Helsingfors,7,9/10,10/10,False,False,False,60.17213,10/10,24.91889,1125,1,0.0,Etu-Töölö,2,6,66,80-94/100,2,Private room,Private room,9/10,62.0,0.0,8,434,0.0,0.0,0.0,0.0,1.0,0.0,0.0,1.0,0.0,0.0,0.0,0.0,1.0,1.0,0.0,0.0,POINT (60.17213 24.91889)
9.0,True,False,4.94,1.0,0.0,1.0,False,CANCEL_FLEXIBLE,9/10,Helsinki,0,9/10,10/10,False,False,True,60.18866,10/10,24.95471,1125,1,0.8,,4,17,88,80-94/100,17,Entire home/apt,Entire apartment,9/10,62.0,0.85,16,0,0.0,0.0,0.0,1.0,1.0,1.0,1.0,0.0,0.0,0.0,1.0,1.0,1.0,1.0,1.0,0.0,POINT (60.18866 24.95471)
9.0,True,False,0.0,1.5,1.0,1.0,True,CANCEL_STRICT_14_WITH_GRACE_PERIOD,9/10,Helsinki,16,9/10,10/10,False,False,False,60.2335,10/10,24.9645,7,1,0.0,,2,10,35,80-94/100,2,Private room,Private room,9/10,62.0,0.0,11,0,0.0,0.0,1.0,1.0,1.0,1.0,1.0,1.0,0.0,0.0,1.0,1.0,0.0,1.0,0.0,1.0,POINT (60.2335 24.9645)
9.0,True,False,4.8,1.0,1.0,1.0,True,CANCEL_MODERATE,9/10,Helsinki,38,9/10,10/10,False,False,False,60.16604,10/10,24.93096,1125,2,0.0,Kamppi,4,7,115,80-94/100,5,Entire home/apt,Entire apartment,9/10,62.0,0.0,16,0,0.0,0.0,0.0,0.0,1.0,0.0,0.0,1.0,1.0,0.0,0.0,0.0,0.0,1.0,0.0,0.0,POINT (60.16604 24.93096)
9.0,True,False,4.47,2.5,1.0,1.0,True,CANCEL_MODERATE,9/10,Helsinki,33,9/10,10/10,False,False,False,60.18734,10/10,24.87107,1125,1,0.85,,1,31,76,80-94/100,19,Private room,Private room,9/10,62.0,0.95,0,326,1.0,0.0,1.0,0.0,1.0,1.0,0.0,1.0,0.0,0.0,1.0,1.0,1.0,1.0,0.0,0.0,POINT (60.18734 24.87107)
9.0,True,False,3.95,1.0,0.0,1.0,False,CANCEL_MODERATE,9/10,Helsingfors,16,9/10,10/10,False,False,False,60.16684,10/10,24.92748,1125,1,0.0,Kamppi,2,6,78,80-94/100,63,Entire home/apt,Entire apartment,9/10,62.0,0.85,0,0,0.0,0.0,0.0,0.0,0.0,0.0,0.0,0.0,0.0,0.0,0.0,0.0,0.0,0.0,0.0,0.0,POINT (60.16684 24.92748)
9.0,True,False,4.2,1.0,1.0,1.0,True,CANCEL_MODERATE,9/10,Helsinki,38,9/10,10/10,False,False,False,60.16176,10/10,24.937,1125,2,0.0,Punavuori,2,10,109,80-94/100,25,Entire home/apt,Entire apartment,9/10,62.0,0.0,0,0,0.0,0.0,0.0,1.0,1.0,1.0,0.0,1.0,0.0,0.0,0.0,0.0,0.0,1.0,1.0,0.0,POINT (60.16176 24.937)
9.0,True,False,4.45,1.0,1.0,2.0,False,CANCEL_STRICT_14_WITH_GRACE_PERIOD,9/10,Helsingfors,16,9/10,10/10,False,False,False,60.16825,10/10,24.92857,1125,1,0.82,Kamppi,3,9,80,80-94/100,71,Private room,Private room,9/10,62.0,0.87,13,0,0.0,0.0,0.0,0.0,1.0,0.0,0.0,0.0,1.0,0.0,0.0,0.0,1.0,1.0,0.0,0.0,POINT (60.16825 24.92857)
10.0,True,False,0.0,1.0,1.0,2.0,True,CANCEL_FLEXIBLE,9/10,Helsingfors,0,10/10,9/10,False,True,False,60.19916,10/10,24.93792,1125,1,0.0,Taka-Töölö,2,6,26,95-100/100,0,Private room,Private room,9/10,55.0,0.0,0,0,1.0,0.0,0.0,0.0,1.0,0.0,0.0,1.0,0.0,0.0,1.0,0.0,0.0,1.0,0.0,0.0,POINT (60.19916 24.93792)
10.0,True,False,4.55,1.5,3.0,7.0,True,CANCEL_FLEXIBLE,9/10,Helsinki,53,10/10,9/10,False,False,False,60.17267,10/10,24.92764,28,1,0.7,Etu-Töölö,8,27,177,95-100/100,180,Entire home/apt,Entire apartment,9/10,55.0,0.85,16,109,0.0,0.0,0.0,0.0,1.0,0.0,0.0,1.0,1.0,0.0,1.0,0.0,0.0,1.0,1.0,0.0,POINT (60.17267 24.92764)
10.0,True,False,4.11,1.5,1.0,0.0,True,CANCEL_STRICT_14_WITH_GRACE_PERIOD,9/10,Helsinki,22,10/10,9/10,False,False,False,60.1878,10/10,24.95504,30,1,0.98,,2,4,76,95-100/100,9,Entire home/apt,Entire apartment,9/10,55.0,0.98,11,0,0.0,0.0,0.0,1.0,1.0,0.0,1.0,0.0,0.0,0.0,1.0,0.0,0.0,1.0,0.0,1.0,POINT (60.1878 24.95504)
10.0,True,False,4.85,1.0,0.0,1.0,True,CANCEL_FLEXIBLE,9/10,Helsinki,22,10/10,9/10,False,False,True,60.192,10/10,24.94591,1125,1,0.95,,3,15,89,95-100/100,20,Entire home/apt,Entire apartment,9/10,55.0,0.97,16,0,0.0,1.0,0.0,1.0,1.0,1.0,1.0,0.0,1.0,0.0,1.0,0.0,0.0,1.0,0.0,0.0,POINT (60.192 24.94591)
10.0,True,False,4.77,1.0,0.0,3.0,False,CANCEL_MODERATE,9/10,Helsinki,22,10/10,9/10,False,False,True,60.25701,10/10,24.95281,10,1,1.0,,4,21,101,95-100/100,70,Entire home/apt,Entire apartment,9/10,55.0,0.88,11,0,0.0,0.0,0.0,1.0,1.0,1.0,0.0,1.0,0.0,0.0,1.0,0.0,0.0,1.0,0.0,1.0,POINT (60.25701 24.95281)
10.0,True,False,4.76,2.5,2.0,4.0,True,CANCEL_FLEXIBLE,9/10,Helsinki,0,10/10,9/10,False,False,False,60.24805,10/10,24.99067,21,1,1.0,,2,6,45,95-100/100,37,Private room,Private room,9/10,55.0,0.9,0,0,0.0,0.0,0.0,0.0,1.0,0.0,0.0,1.0,0.0,0.0,1.0,0.0,0.0,1.0,1.0,0.0,POINT (60.24805 24.99067)
10.0,True,False,5.0,1.5,1.0,1.0,True,CANCEL_STRICT_14_WITH_GRACE_PERIOD,9/10,Helsinki,0,10/10,9/10,False,False,True,60.18472,10/10,24.92131,1125,1,0.8,Taka-Töölö,2,12,86,95-100/100,3,Private room,Private room,9/10,55.0,0.9,0,0,0.0,0.0,0.0,1.0,1.0,1.0,1.0,1.0,0.0,0.0,1.0,0.0,0.0,1.0,0.0,0.0,POINT (60.18472 24.92131)
10.0,True,False,0.0,1.0,1.0,2.0,True,CANCEL_MODERATE,9/10,Helsinki,0,10/10,9/10,False,False,False,60.23517,10/10,25.118920000000006,1125,1,0.9,,2,17,39,95-100/100,1,Private room,Private room,9/10,55.0,0.95,0,0,0.0,0.0,0.0,0.0,0.0,0.0,1.0,1.0,0.0,0.0,1.0,0.0,0.0,1.0,0.0,0.0,POINT (60.23517 25.11892000000001)
10.0,True,False,4.86,1.0,1.0,1.0,True,CANCEL_MODERATE,9/10,Helsingfors,43,10/10,9/10,False,False,True,60.17167,10/10,24.95815,40,1,0.8,Kruununhaka,3,7,141,95-100/100,114,Entire home/apt,Entire apartment,9/10,55.0,0.9,0,0,0.0,0.0,0.0,1.0,1.0,1.0,1.0,1.0,1.0,0.0,0.0,0.0,0.0,1.0,1.0,0.0,POINT (60.17167 24.95815)
10.0,True,False,0.0,1.0,1.0,1.0,True,CANCEL_FLEXIBLE,9/10,Helsinki,0,10/10,9/10,False,True,False,60.18622,10/10,24.91817,1125,1,0.7,Taka-Töölö,3,5,77,95-100/100,1,Entire home/apt,Entire apartment,9/10,55.0,0.8,0,0,0.0,0.0,0.0,1.0,1.0,0.0,0.0,1.0,0.0,0.0,0.0,0.0,0.0,1.0,0.0,0.0,POINT (60.18622 24.91817)
10.0,True,False,5.0,1.0,1.0,2.0,False,CANCEL_STRICT_14_WITH_GRACE_PERIOD,9/10,Helsinki,5,10/10,9/10,False,False,False,60.16083,10/10,24.93896,1125,1,0.0,Punavuori,2,28,72,95-100/100,8,Private room,Private room,9/10,55.0,0.85,11,326,0.0,0.0,0.0,1.0,1.0,1.0,1.0,1.0,0.0,0.0,1.0,0.0,0.0,1.0,0.0,0.0,POINT (60.16083 24.93896)
10.0,True,False,0.0,1.0,1.0,2.0,True,CANCEL_FLEXIBLE,9/10,Helsingfors,5,10/10,9/10,False,True,False,60.27047,10/10,24.98566,7,1,0.8,,2,8,51,95-100/100,1,Private room,Private room,9/10,55.0,0.9,0,109,0.0,0.0,0.0,1.0,1.0,0.0,1.0,1.0,0.0,0.0,0.0,1.0,0.0,1.0,1.0,0.0,POINT (60.27047 24.98566)
10.0,True,False,4.67,1.5,2.0,3.0,False,CANCEL_STRICT_14_WITH_GRACE_PERIOD,9/10,Helsinki,0,10/10,9/10,False,False,False,60.23342,10/10,25.08295,1125,1,0.0,,5,24,101,95-100/100,3,Entire home/apt,Entire apartment,9/10,55.0,0.0,16,0,0.0,1.0,0.0,1.0,1.0,1.0,1.0,1.0,0.0,0.0,1.0,1.0,0.0,1.0,1.0,1.0,POINT (60.23342 25.08295)
10.0,True,False,4.77,1.0,1.0,1.0,True,CANCEL_STRICT_14_WITH_GRACE_PERIOD,9/10,Helsinki,27,10/10,9/10,False,False,False,60.18662,10/10,24.91615,365,1,0.0,Taka-Töölö,2,5,109,95-100/100,130,Entire home/apt,Entire condominium,9/10,55.0,0.0,0,0,0.0,0.0,0.0,0.0,1.0,1.0,1.0,1.0,1.0,0.0,1.0,0.0,0.0,1.0,1.0,1.0,POINT (60.18662 24.91615)
10.0,True,False,4.6,1.0,1.0,2.0,True,CANCEL_STRICT_14_WITH_GRACE_PERIOD,9/10,Helsinki,11,10/10,9/10,False,False,False,60.18842,10/10,24.95945,40,1,0.88,,2,12,60,95-100/100,63,Private room,Private room,9/10,55.0,0.93,11,0,1.0,0.0,0.0,0.0,0.0,0.0,1.0,1.0,1.0,0.0,0.0,0.0,0.0,1.0,0.0,0.0,POINT (60.18842 24.95945)
9.0,True,False,4.96,1.0,1.0,2.0,True,CANCEL_MODERATE,9/10,Helsingfors,53,9/10,10/10,False,False,True,60.16265,10/10,24.92809,1125,1,0.85,Kamppi,3,15,136,80-94/100,112,Entire home/apt,Entire apartment,9/10,11.0,0.95,22,109,0.0,0.0,1.0,1.0,0.0,1.0,1.0,1.0,1.0,0.0,1.0,0.0,0.0,1.0,0.0,1.0,POINT (60.16265 24.92809)
9.0,True,False,4.38,1.5,2.0,3.0,True,CANCEL_MODERATE,9/10,Helsinki,54,9/10,10/10,False,False,False,60.16907,10/10,24.96501,1125,1,0.0,Katajanokka,6,16,142,80-94/100,8,Entire home/apt,Entire apartment,9/10,11.0,0.0,16,0,0.0,0.0,0.0,0.0,1.0,1.0,1.0,1.0,0.0,0.0,0.0,0.0,0.0,1.0,0.0,0.0,POINT (60.16907 24.96501)
9.0,True,False,4.67,1.5,1.0,1.0,True,CANCEL_MODERATE,9/10,Helsinki,38,9/10,10/10,False,False,False,60.16171,10/10,24.94647,35,1,0.9,Ullanlinna,3,5,119,80-94/100,14,Entire home/apt,Entire condominium,9/10,11.0,0.95,5,0,0.0,0.0,0.0,0.0,0.0,1.0,1.0,0.0,1.0,0.0,0.0,0.0,0.0,1.0,0.0,0.0,POINT (60.16171 24.94647)
9.0,True,False,4.72,2.0,2.0,2.0,True,CANCEL_MODERATE,9/10,Helsinki,54,9/10,10/10,False,False,False,60.16781999999999,10/10,24.9317,1125,2,0.0,Kamppi,8,21,231,80-94/100,32,Entire home/apt,Entire apartment,9/10,11.0,0.0,16,0,0.0,0.0,0.0,1.0,1.0,0.0,0.0,1.0,1.0,0.0,0.0,0.0,0.0,1.0,0.0,0.0,POINT (60.16781999999999 24.9317)
9.0,True,False,0.0,1.5,1.0,1.0,True,CANCEL_FLEXIBLE,9/10,Helsingfors,0,9/10,10/10,False,False,False,60.16689,10/10,24.96669,1125,1,0.8,Katajanokka,2,22,126,80-94/100,2,Entire home/apt,Entire apartment,9/10,11.0,0.85,0,0,0.0,1.0,0.0,0.0,1.0,1.0,1.0,1.0,0.0,0.0,0.0,1.0,0.0,1.0,1.0,0.0,POINT (60.16689 24.96669)
9.0,True,False,4.78,1.0,1.0,1.0,False,CANCEL_MODERATE,9/10,Helsinki,49,9/10,10/10,False,False,False,60.18404,10/10,24.982570000000006,25,1,0.91,,2,36,119,80-94/100,78,Entire home/apt,Entire townhouse,9/10,11.0,0.93,16,163,1.0,1.0,0.0,1.0,0.0,1.0,1.0,1.0,1.0,0.0,1.0,0.0,0.0,1.0,0.0,1.0,POINT (60.18404 24.98257000000001)
9.0,True,False,4.85,1.0,1.0,1.0,False,CANCEL_STRICT_14_WITH_GRACE_PERIOD,9/10,Helsinki,0,9/10,10/10,False,False,True,60.15989,10/10,24.94821,1125,1,1.0,Ullanlinna,1,24,77,80-94/100,142,Private room,Private room,9/10,11.0,1.0,0,0,0.0,0.0,0.0,0.0,0.0,1.0,1.0,1.0,1.0,0.0,0.0,0.0,0.0,1.0,0.0,0.0,POINT (60.15989 24.94821)
9.0,True,False,4.79,1.5,3.0,5.0,False,CANCEL_STRICT_14_WITH_GRACE_PERIOD,9/10,Helsinki,65,9/10,10/10,False,False,True,60.16143,10/10,24.92022,1125,1,0.0,Jätkäsaari,10,29,128,80-94/100,200,Entire home/apt,Entire apartment,9/10,11.0,0.0,16,272,0.0,1.0,0.0,0.0,1.0,1.0,1.0,1.0,1.0,1.0,1.0,0.0,0.0,1.0,1.0,0.0,POINT (60.16143 24.92022)
9.0,True,False,4.27,1.0,1.0,2.0,True,CANCEL_MODERATE,9/10,Helsinki,38,9/10,10/10,False,False,False,60.16926,10/10,24.92546,1125,2,0.0,Etu-Töölö,4,23,109,80-94/100,63,Entire home/apt,Entire apartment,9/10,11.0,0.0,16,0,0.0,1.0,0.0,1.0,1.0,1.0,0.0,1.0,0.0,0.0,0.0,0.0,0.0,1.0,1.0,1.0,POINT (60.16926 24.92546)
9.0,True,False,4.6,1.0,2.0,7.0,True,CANCEL_MODERATE,9/10,Helsinki,33,9/10,10/10,False,False,False,60.24654,10/10,24.88457,30,1,0.75,,8,10,83,80-94/100,48,Entire home/apt,Entire apartment,9/10,11.0,1.0,8,217,0.0,1.0,0.0,1.0,1.0,1.0,1.0,1.0,0.0,1.0,1.0,1.0,0.0,1.0,1.0,1.0,POINT (60.24654 24.88457)
9.0,True,False,4.8,1.5,1.0,1.0,True,CANCEL_MODERATE,9/10,Helsinki,33,9/10,10/10,False,False,False,60.18728,10/10,24.87064,1125,1,0.9,,1,8,69,80-94/100,15,Private room,Private room,9/10,11.0,0.95,0,217,1.0,1.0,1.0,0.0,1.0,1.0,1.0,1.0,0.0,0.0,1.0,1.0,0.0,1.0,0.0,0.0,POINT (60.18728 24.87064)
9.0,True,False,0.0,1.5,3.0,6.0,True,CANCEL_MODERATE,9/10,Helsinki,76,9/10,10/10,False,True,False,60.17213,10/10,24.94471,1125,2,0.0,Kluuvi,8,16,168,80-94/100,0,Entire home/apt,Entire condominium,9/10,11.0,0.0,16,0,0.0,0.0,0.0,0.0,1.0,0.0,0.0,1.0,1.0,0.0,0.0,0.0,0.0,1.0,0.0,0.0,POINT (60.17213 24.94471)
9.0,True,False,4.87,1.0,1.0,2.0,True,CANCEL_STRICT_14_WITH_GRACE_PERIOD,9/10,Helsinki,11,9/10,10/10,False,False,False,60.18666,10/10,24.95848,1125,1,0.0,,2,13,60,80-94/100,39,Private room,Private room,9/10,11.0,0.0,11,109,0.0,0.0,0.0,0.0,1.0,0.0,0.0,1.0,1.0,0.0,0.0,0.0,0.0,1.0,0.0,0.0,POINT (60.18666 24.95848)
9.0,True,False,0.0,1.5,1.0,0.0,False,CANCEL_STRICT_14_WITH_GRACE_PERIOD,9/10,Helsingfors,8,9/10,10/10,False,False,False,60.16568,10/10,24.97607,1125,1,0.82,Katajanokka,2,11,41,80-94/100,1,Private room,Private room,9/10,11.0,0.9,0,0,0.0,0.0,0.0,0.0,1.0,0.0,0.0,1.0,0.0,0.0,1.0,0.0,0.0,1.0,0.0,0.0,POINT (60.16568 24.97607)
9.0,True,True,4.56,1.5,2.0,5.0,True,CANCEL_MODERATE,10/10,Helsinki,43,0-8/10,10/10,False,False,False,60.16952,9/10,24.93324,1125,2,0.0,Kamppi,7,16,231,80-94/100,41,Entire home/apt,Entire apartment,9/10,9.0,0.0,16,0,0.0,1.0,0.0,0.0,1.0,1.0,1.0,1.0,1.0,0.0,1.0,0.0,0.0,1.0,0.0,1.0,POINT (60.16952 24.93324)
9.0,True,True,4.62,1.5,1.0,1.0,False,CANCEL_STRICT_14_WITH_GRACE_PERIOD,10/10,Helsinki,11,0-8/10,10/10,False,False,False,60.16569000000001,9/10,24.97589,1125,1,0.6,Katajanokka,2,9,59,80-94/100,43,Private room,Private room,9/10,9.0,0.88,0,0,0.0,0.0,0.0,0.0,1.0,1.0,0.0,1.0,0.0,0.0,1.0,0.0,1.0,1.0,0.0,0.0,POINT (60.16569000000001 24.97589)
9.0,True,True,4.34,1.0,1.0,1.0,True,CANCEL_MODERATE,10/10,Helsinki,38,0-8/10,10/10,False,False,False,60.18681,9/10,24.95636,180,1,0.82,,3,15,104,80-94/100,91,Entire home/apt,Entire apartment,9/10,9.0,0.9,11,163,0.0,0.0,1.0,1.0,1.0,1.0,1.0,0.0,1.0,0.0,1.0,0.0,1.0,1.0,1.0,1.0,POINT (60.18681 24.95636)
9.0,True,True,4.67,1.0,1.0,2.0,True,CANCEL_MODERATE,10/10,Helsingfors,27,0-8/10,10/10,False,False,False,60.19455,9/10,24.9566,20,2,0.85,,3,7,114,80-94/100,39,Entire home/apt,Entire apartment,9/10,9.0,0.88,16,0,0.0,0.0,0.0,1.0,1.0,1.0,1.0,1.0,1.0,0.0,1.0,1.0,1.0,1.0,0.0,0.0,POINT (60.19455 24.9566)
9.0,True,True,0.0,4.0,1.0,3.0,True,CANCEL_FLEXIBLE,10/10,Helsingfors,0,0-8/10,10/10,False,False,False,60.17863000000001,9/10,24.95825,1125,1,0.0,Kruununhaka,4,15,73,80-94/100,1,Private room,Hostel room,9/10,9.0,0.0,0,0,1.0,0.0,1.0,1.0,1.0,1.0,0.0,1.0,0.0,1.0,1.0,0.0,0.0,1.0,1.0,0.0,POINT (60.17863000000001 24.95825)
9.0,True,True,4.49,1.5,1.0,2.0,True,CANCEL_MODERATE,10/10,Helsinki,38,0-8/10,10/10,False,False,False,60.21524,9/10,24.95669,30,1,0.78,,3,15,102,80-94/100,83,Entire home/apt,Entire apartment,9/10,9.0,0.86,11,0,1.0,0.0,0.0,1.0,1.0,1.0,1.0,1.0,0.0,0.0,1.0,0.0,0.0,1.0,1.0,1.0,POINT (60.21524 24.95669)
9.0,True,True,4.9,1.5,0.0,1.0,False,CANCEL_FLEXIBLE,10/10,Helsinki,0,0-8/10,10/10,False,False,True,60.19441,9/10,24.95731,1125,1,1.0,,3,7,109,80-94/100,82,Entire home/apt,Entire apartment,9/10,9.0,0.78,43,0,0.0,0.0,0.0,1.0,0.0,1.0,1.0,1.0,0.0,1.0,1.0,1.0,1.0,1.0,1.0,0.0,POINT (60.19441 24.95731)
9.0,True,True,4.92,1.0,3.0,7.0,True,CANCEL_STRICT_14_WITH_GRACE_PERIOD,10/10,Helsinki,54,0-8/10,10/10,False,False,True,60.17155,9/10,24.94493,1125,1,0.0,Kluuvi,16,55,251,80-94/100,198,Entire home/apt,Entire apartment,9/10,9.0,0.0,33,0,0.0,0.0,0.0,1.0,1.0,1.0,1.0,1.0,1.0,0.0,1.0,0.0,0.0,1.0,0.0,1.0,POINT (60.17155 24.94493)
9.0,True,True,4.57,1.0,1.0,2.0,False,CANCEL_STRICT_14_WITH_GRACE_PERIOD,10/10,Helsinki,16,0-8/10,10/10,False,False,False,60.16173000000001,9/10,24.93862,1125,1,0.92,Punavuori,4,13,112,80-94/100,58,Entire home/apt,Entire apartment,9/10,9.0,0.95,11,163,0.0,0.0,0.0,1.0,1.0,1.0,1.0,1.0,1.0,0.0,1.0,0.0,0.0,1.0,0.0,0.0,POINT (60.16173000000001 24.93862)
9.0,True,True,4.33,1.0,1.0,2.0,True,CANCEL_STRICT_14_WITH_GRACE_PERIOD,10/10,Helsinki,16,0-8/10,10/10,False,False,False,60.16876,9/10,24.92592,1125,1,0.85,Kamppi,2,11,76,80-94/100,99,Private room,Private room,9/10,9.0,0.95,11,0,0.0,0.0,0.0,0.0,1.0,1.0,0.0,1.0,1.0,0.0,0.0,0.0,1.0,1.0,0.0,0.0,POINT (60.16876 24.92592)
9.0,True,True,4.94,1.0,1.0,2.0,True,CANCEL_FLEXIBLE,10/10,Helsinki,27,0-8/10,10/10,False,False,False,60.17178000000001,9/10,24.94564,28,1,0.8,Kluuvi,4,20,172,80-94/100,93,Entire home/apt,Entire apartment,9/10,9.0,0.9,11,109,0.0,0.0,0.0,0.0,1.0,0.0,0.0,1.0,0.0,0.0,0.0,0.0,0.0,1.0,0.0,0.0,POINT (60.17178000000001 24.94564)
9.0,True,True,0.0,1.0,1.0,2.0,True,CANCEL_MODERATE,10/10,Helsingfors,38,0-8/10,10/10,False,True,False,60.16678,9/10,24.93096,1125,2,0.0,Kamppi,3,12,115,80-94/100,0,Entire home/apt,Entire condominium,9/10,9.0,0.0,16,0,0.0,0.0,0.0,0.0,1.0,0.0,0.0,1.0,1.0,0.0,0.0,0.0,0.0,1.0,0.0,0.0,POINT (60.16678 24.93096)
9.0,True,True,4.75,2.0,1.0,1.0,True,CANCEL_STRICT_14_WITH_GRACE_PERIOD,10/10,Helsinki,22,0-8/10,10/10,False,False,False,60.239,9/10,24.96677,4,1,0.0,,2,5,49,80-94/100,8,Private room,Private room,9/10,9.0,0.0,11,0,0.0,1.0,1.0,1.0,0.0,1.0,1.0,1.0,0.0,0.0,1.0,1.0,0.0,1.0,0.0,1.0,POINT (60.239 24.96677)
9.0,True,True,5.0,1.5,1.0,1.0,True,CANCEL_STRICT_14_WITH_GRACE_PERIOD,10/10,Helsinki,16,0-8/10,10/10,False,False,True,60.18656,9/10,24.91998,1125,1,0.8,,2,12,105,80-94/100,3,Private room,Private room,9/10,9.0,0.9,0,0,0.0,0.0,0.0,1.0,1.0,1.0,1.0,1.0,0.0,0.0,1.0,0.0,0.0,1.0,0.0,0.0,POINT (60.18656 24.91998)
10.0,True,False,4.47,1.0,1.0,4.0,True,CANCEL_MODERATE,10/10,Helsinki,22,9/10,10/10,False,False,False,60.1557,10/10,24.94786,1125,1,0.75,Ullanlinna,4,25,141,80-94/100,112,Entire home/apt,Entire apartment,10/10,14.0,0.95,11,98,0.0,0.0,0.0,0.0,1.0,1.0,0.0,1.0,1.0,0.0,0.0,0.0,0.0,1.0,0.0,0.0,POINT (60.1557 24.94786)
10.0,True,False,0.0,1.0,1.0,1.0,True,CANCEL_FLEXIBLE,10/10,Helsinki,0,9/10,10/10,False,False,False,60.23666,10/10,25.11778,1125,1,0.0,,2,14,35,80-94/100,0,Private room,Private room,10/10,14.0,0.0,0,0,0.0,0.0,0.0,0.0,0.0,0.0,1.0,0.0,0.0,0.0,1.0,0.0,0.0,1.0,0.0,0.0,POINT (60.23666 25.11778)
10.0,True,False,4.8,1.0,1.0,4.0,True,CANCEL_STRICT_14_WITH_GRACE_PERIOD,10/10,Helsinki,33,9/10,10/10,False,False,True,60.17333000000001,10/10,24.95121,1125,1,0.0,Kruununhaka,6,8,141,80-94/100,10,Entire home/apt,Entire apartment,10/10,14.0,0.0,22,0,0.0,1.0,0.0,0.0,1.0,1.0,0.0,1.0,1.0,0.0,1.0,0.0,0.0,1.0,1.0,1.0,POINT (60.17333000000001 24.95121)
10.0,True,False,4.92,1.0,1.0,1.0,False,CANCEL_STRICT_14_WITH_GRACE_PERIOD,10/10,Helsinki,0,9/10,10/10,False,False,False,60.16038,10/10,24.94245,4,1,0.0,Ullanlinna,2,1,63,80-94/100,52,Private room,Private room,10/10,14.0,0.0,0,0,0.0,0.0,0.0,0.0,0.0,0.0,0.0,1.0,1.0,0.0,0.0,0.0,0.0,1.0,0.0,0.0,POINT (60.16038 24.94245)
10.0,True,False,4.73,1.5,1.0,2.0,True,CANCEL_FLEXIBLE,10/10,Helsinki,33,9/10,10/10,False,False,True,60.174380000000006,10/10,24.91733,1125,1,0.9,Etu-Töölö,5,20,153,80-94/100,51,Entire home/apt,Entire apartment,10/10,14.0,0.95,33,326,0.0,0.0,0.0,1.0,1.0,1.0,1.0,1.0,0.0,1.0,1.0,0.0,1.0,1.0,1.0,0.0,POINT (60.17438000000001 24.91733)
10.0,True,False,4.66,1.0,1.0,4.0,True,CANCEL_MODERATE,10/10,Helsingfors,22,9/10,10/10,False,False,False,60.15745,10/10,24.95143,31,1,0.8,Ullanlinna,4,11,114,80-94/100,41,Entire home/apt,Entire condominium,10/10,14.0,0.0,16,109,0.0,0.0,0.0,0.0,1.0,1.0,0.0,1.0,1.0,0.0,0.0,0.0,0.0,1.0,0.0,1.0,POINT (60.15745 24.95143)
10.0,True,False,4.88,1.5,1.0,2.0,True,CANCEL_MODERATE,10/10,Helsinki,33,9/10,10/10,False,False,True,60.16624,10/10,24.93037,1125,1,0.77,Kamppi,4,6,179,80-94/100,24,Entire home/apt,Entire condominium,10/10,14.0,0.91,11,0,0.0,1.0,0.0,1.0,1.0,1.0,1.0,1.0,1.0,0.0,1.0,0.0,0.0,1.0,0.0,1.0,POINT (60.16624 24.93037)
10.0,True,False,4.72,1.5,1.0,1.0,False,CANCEL_STRICT_14_WITH_GRACE_PERIOD,10/10,Helsingfors,5,9/10,10/10,False,False,False,60.15586,10/10,24.93164,17,1,1.0,Munkkisaari,2,2,71,80-94/100,43,Private room,Private room,10/10,14.0,0.97,16,0,0.0,0.0,0.0,0.0,1.0,1.0,0.0,0.0,0.0,0.0,0.0,0.0,0.0,1.0,0.0,0.0,POINT (60.15586 24.93164)
10.0,True,False,4.69,1.0,1.0,3.0,True,CANCEL_FLEXIBLE,10/10,Helsinki,16,9/10,10/10,False,False,False,60.23305,10/10,25.01565,1125,1,0.75,,5,24,109,80-94/100,91,Entire home/apt,Entire apartment,10/10,14.0,0.85,0,0,0.0,1.0,0.0,1.0,1.0,1.0,1.0,1.0,1.0,0.0,1.0,1.0,0.0,1.0,1.0,0.0,POINT (60.23305 25.01565)
10.0,True,False,0.0,1.0,1.0,1.0,True,CANCEL_STRICT_14_WITH_GRACE_PERIOD,10/10,Helsinki,0,9/10,10/10,False,False,False,60.2162,10/10,24.87324,1125,1,0.0,,1,24,59,80-94/100,0,Entire home/apt,Entire place,10/10,14.0,0.0,0,0,0.0,0.0,0.0,0.0,1.0,0.0,0.0,0.0,0.0,0.0,0.0,0.0,0.0,1.0,0.0,0.0,POINT (60.2162 24.87324)
10.0,True,False,4.64,1.0,1.0,4.0,True,CANCEL_FLEXIBLE,10/10,Helsinki,32,9/10,10/10,False,False,False,60.27213,10/10,25.04149,30,1,0.8,,4,9,115,80-94/100,86,Entire home/apt,Entire house,10/10,14.0,0.85,14,0,1.0,1.0,0.0,1.0,1.0,1.0,1.0,1.0,0.0,1.0,1.0,0.0,0.0,1.0,1.0,1.0,POINT (60.27213 25.04149)
9.0,False,False,0.0,0.0,1.0,1.0,True,CANCEL_STRICT_14_WITH_GRACE_PERIOD,0-8/10,Helsinki,0,9/10,9/10,False,False,False,60.14938000000001,9/10,24.98497,7,1,0.0,,2,10,93,80-94/100,1,Hotel room,Hotel room,9/10,91.0,0.0,0,0,0.0,0.0,0.0,0.0,1.0,0.0,0.0,1.0,0.0,0.0,0.0,0.0,0.0,1.0,0.0,0.0,POINT (60.14938000000001 24.98497)
9.0,False,False,4.32,1.0,2.0,5.0,True,CANCEL_STRICT_14_WITH_GRACE_PERIOD,0-8/10,Helsinki,43,9/10,9/10,False,False,False,60.17284,9/10,24.92983,1125,1,0.9,Etu-Töölö,6,39,167,80-94/100,60,Entire home/apt,Entire apartment,9/10,91.0,1.0,27,543,0.0,0.0,0.0,0.0,1.0,0.0,1.0,1.0,1.0,0.0,0.0,0.0,1.0,1.0,1.0,1.0,POINT (60.17284 24.92983)
9.0,False,False,4.75,1.0,0.0,2.0,True,CANCEL_FLEXIBLE,0-8/10,Helsinki,16,9/10,9/10,False,False,True,60.15691999999999,9/10,24.94572,5,1,0.0,Ullanlinna,3,12,115,80-94/100,67,Entire home/apt,Entire apartment,9/10,91.0,0.98,33,109,0.0,0.0,1.0,0.0,0.0,1.0,1.0,1.0,1.0,0.0,1.0,0.0,1.0,1.0,0.0,0.0,POINT (60.15691999999999 24.94572)
9.0,False,False,5.0,1.5,1.0,2.0,False,CANCEL_FLEXIBLE,0-8/10,Helsingfors,16,9/10,9/10,False,False,False,60.16611,9/10,24.9744,1125,1,0.65,Katajanokka,6,24,121,80-94/100,3,Entire home/apt,Entire apartment,9/10,91.0,0.95,0,0,0.0,1.0,1.0,1.0,1.0,1.0,1.0,1.0,0.0,0.0,1.0,1.0,0.0,1.0,1.0,1.0,POINT (60.16611 24.9744)
9.0,False,False,5.0,4.0,1.0,3.0,True,CANCEL_FLEXIBLE,0-8/10,Helsingfors,0,9/10,9/10,False,False,False,60.17961999999999,9/10,24.958920000000006,1125,1,0.0,Kruununhaka,4,13,73,80-94/100,3,Private room,Hostel room,9/10,91.0,0.0,0,0,1.0,0.0,1.0,1.0,1.0,1.0,0.0,1.0,0.0,1.0,1.0,0.0,0.0,1.0,1.0,0.0,POINT (60.17961999999999 24.95892000000001)
9.0,False,False,4.63,1.0,1.0,3.0,True,CANCEL_STRICT_14_WITH_GRACE_PERIOD,0-8/10,Helsinki,38,9/10,9/10,False,False,False,60.2002,9/10,24.9404,1125,1,0.75,,5,16,167,80-94/100,16,Entire home/apt,Entire apartment,9/10,91.0,0.9,33,0,0.0,0.0,0.0,0.0,1.0,1.0,1.0,1.0,1.0,1.0,1.0,0.0,0.0,1.0,1.0,0.0,POINT (60.2002 24.9404)
9.0,False,False,0.0,1.5,1.0,3.0,True,CANCEL_STRICT_14_WITH_GRACE_PERIOD,0-8/10,Helsinki,16,9/10,9/10,False,False,True,60.18622,9/10,24.92214,1125,1,0.8,Taka-Töölö,4,14,105,80-94/100,1,Private room,Private room,9/10,91.0,0.9,11,0,0.0,0.0,0.0,1.0,1.0,1.0,1.0,1.0,0.0,0.0,1.0,0.0,0.0,1.0,0.0,0.0,POINT (60.18622 24.92214)
9.0,False,False,4.75,1.0,1.0,2.0,False,CANCEL_MODERATE,0-8/10,Helsingfors,11,9/10,9/10,False,False,True,60.194,9/10,24.96007,8,1,0.0,,4,2,109,80-94/100,24,Entire home/apt,Entire apartment,9/10,91.0,0.0,0,0,0.0,0.0,0.0,0.0,0.0,0.0,1.0,1.0,0.0,0.0,0.0,0.0,0.0,1.0,0.0,0.0,POINT (60.194 24.96007)
9.0,False,False,4.69,1.5,3.0,9.0,True,CANCEL_STRICT_14_WITH_GRACE_PERIOD,0-8/10,Helsinki,22,9/10,9/10,False,False,False,60.15873000000001,9/10,24.92002,1125,1,0.8,Jätkäsaari,16,25,385,80-94/100,265,Entire home/apt,Entire apartment,9/10,91.0,0.9,22,272,0.0,1.0,0.0,0.0,1.0,1.0,1.0,1.0,1.0,1.0,1.0,0.0,1.0,1.0,0.0,0.0,POINT (60.15873000000001 24.92002)
9.0,False,False,4.77,1.5,2.0,2.0,True,CANCEL_STRICT_14_WITH_GRACE_PERIOD,0-8/10,Helsinki,87,9/10,9/10,False,False,False,60.1644,9/10,24.90296,1125,1,0.8,Ruoholahti,4,39,256,80-94/100,132,Entire home/apt,Entire loft,9/10,91.0,0.95,0,543,0.0,0.0,0.0,0.0,0.0,0.0,0.0,0.0,0.0,0.0,0.0,0.0,0.0,0.0,0.0,0.0,POINT (60.1644 24.90296)
9.0,False,False,0.0,1.0,1.0,0.0,True,CANCEL_FLEXIBLE,0-8/10,Helsinki,16,9/10,9/10,False,False,False,60.23188,9/10,25.10118,7,1,0.94,,2,1,42,80-94/100,2,Private room,Private room,9/10,91.0,0.95,0,0,0.0,0.0,0.0,0.0,1.0,0.0,0.0,1.0,0.0,0.0,1.0,0.0,0.0,1.0,0.0,0.0,POINT (60.23188 25.10118)
9.0,False,False,4.5,0.5,1.0,2.0,True,CANCEL_STRICT_14_WITH_GRACE_PERIOD,0-8/10,Helsinki,0,9/10,9/10,False,False,False,60.20602,9/10,24.8559,30,1,0.8,,2,9,39,80-94/100,3,Shared room,Shared room,9/10,91.0,0.9,22,0,0.0,0.0,0.0,0.0,0.0,1.0,1.0,1.0,0.0,0.0,1.0,0.0,0.0,1.0,0.0,0.0,POINT (60.20602 24.8559)
9.0,False,False,4.53,1.0,2.0,5.0,True,CANCEL_FLEXIBLE,0-8/10,Helsinki,32,9/10,9/10,False,False,False,60.27361,9/10,25.04119,1125,1,0.9,,4,11,115,80-94/100,45,Entire home/apt,Entire cabin,9/10,91.0,0.91,16,0,0.0,0.0,0.0,0.0,1.0,1.0,1.0,1.0,0.0,0.0,1.0,1.0,0.0,1.0,0.0,1.0,POINT (60.27361 25.04119)
9.0,False,False,0.0,4.0,1.0,3.0,True,CANCEL_FLEXIBLE,0-8/10,Helsingfors,0,9/10,9/10,False,False,False,60.17862,9/10,24.959670000000006,1125,1,0.0,,4,15,73,80-94/100,0,Private room,Hostel room,9/10,91.0,0.0,0,0,1.0,0.0,1.0,1.0,1.0,1.0,0.0,1.0,0.0,1.0,1.0,0.0,0.0,1.0,1.0,0.0,POINT (60.17862 24.95967000000001)
0.0,True,False,3.43,1.5,1.0,1.0,True,CANCEL_MODERATE,nan,Helsinki,33,nan,nan,False,False,False,60.18875,nan,24.87142,1125,1,0.92,,2,20,74,nan,7,Private room,Private room,nan,0.0,0.96,11,326,1.0,0.0,1.0,0.0,1.0,1.0,1.0,1.0,0.0,0.0,1.0,0.0,1.0,1.0,0.0,0.0,POINT (60.18875 24.87142)
0.0,True,False,4.59,1.0,1.0,1.0,True,CANCEL_FLEXIBLE,nan,Helsinki,38,nan,nan,False,False,False,60.16464000000001,nan,24.924570000000006,1125,1,0.85,Kamppi,4,11,154,nan,58,Entire home/apt,Entire apartment,nan,0.0,0.95,11,0,1.0,0.0,0.0,0.0,1.0,0.0,0.0,1.0,1.0,0.0,1.0,0.0,1.0,1.0,1.0,0.0,POINT (60.16464000000001 24.92457000000001)
0.0,True,False,4.65,1.0,1.0,3.0,True,CANCEL_MODERATE,nan,Helsinki,22,nan,nan,False,False,False,60.15625,nan,24.94627,1125,1,0.75,Ullanlinna,4,34,128,nan,69,Entire home/apt,Entire apartment,nan,0.0,0.9,11,98,0.0,0.0,0.0,1.0,1.0,1.0,0.0,1.0,1.0,0.0,0.0,0.0,0.0,1.0,1.0,0.0,POINT (60.15625 24.94627)
0.0,True,False,4.0,1.0,1.0,1.0,True,CANCEL_FLEXIBLE,nan,Helsinki,0,nan,nan,False,False,False,60.21838,nan,24.85648,1125,1,0.0,,2,10,74,nan,3,Private room,Private room,nan,0.0,0.0,0,0,0.0,0.0,0.0,0.0,0.0,0.0,0.0,1.0,0.0,0.0,1.0,0.0,0.0,1.0,0.0,0.0,POINT (60.21838 24.85648)
0.0,True,False,0.0,6.0,1.0,3.0,True,CANCEL_FLEXIBLE,nan,Helsingfors,0,nan,nan,False,False,False,60.18008,nan,24.95841,1125,1,0.0,Kruununhaka,4,12,73,nan,0,Private room,Hostel room,nan,0.0,0.0,0,0,1.0,0.0,1.0,1.0,1.0,1.0,0.0,1.0,0.0,1.0,1.0,0.0,0.0,1.0,1.0,0.0,POINT (60.18008 24.95841)
0.0,True,False,0.0,1.5,3.0,5.0,True,CANCEL_STRICT_14_WITH_GRACE_PERIOD,nan,Helsinki,22,nan,nan,False,False,True,60.18645,nan,24.91988,1125,1,0.75,Taka-Töölö,8,15,266,nan,1,Private room,Private room,nan,0.0,0.9,0,0,0.0,0.0,0.0,1.0,1.0,1.0,1.0,1.0,0.0,0.0,1.0,0.0,0.0,1.0,1.0,0.0,POINT (60.18645 24.91988)
0.0,True,False,0.0,1.0,1.0,3.0,True,CANCEL_STRICT_14_WITH_GRACE_PERIOD,nan,Helsinki,0,nan,nan,False,False,False,60.21579000000001,nan,24.872770000000006,1125,1,0.0,,3,21,72,nan,1,Entire home/apt,Entire place,nan,0.0,0.0,0,0,0.0,0.0,0.0,0.0,1.0,0.0,0.0,0.0,0.0,0.0,0.0,0.0,0.0,1.0,0.0,0.0,POINT (60.21579000000001 24.87277000000001)
0.0,True,False,4.59,1.0,1.0,1.0,False,CANCEL_FLEXIBLE,nan,Helsinki,0,nan,nan,False,False,False,60.1799,nan,24.95313,6,1,0.61,Kruununhaka,4,6,83,nan,55,Private room,Private room,nan,0.0,0.82,11,0,1.0,0.0,0.0,0.0,0.0,1.0,1.0,1.0,1.0,0.0,0.0,0.0,0.0,0.0,0.0,0.0,POINT (60.1799 24.95313)
0.0,True,False,4.86,1.0,1.0,3.0,False,CANCEL_FLEXIBLE,nan,Helsingfors,22,nan,nan,False,False,True,60.18836,nan,24.96529,1125,1,0.4,,3,22,94,nan,7,Entire home/apt,Entire apartment,nan,0.0,0.75,0,0,0.0,0.0,0.0,1.0,1.0,1.0,1.0,1.0,1.0,0.0,0.0,1.0,0.0,1.0,1.0,0.0,POINT (60.18836 24.96529)
0.0,True,False,0.0,1.0,1.0,2.0,False,CANCEL_FLEXIBLE,nan,Helsinki,0,nan,nan,False,False,False,60.19367,nan,24.95336,1125,1,0.0,,3,3,100,nan,2,Entire home/apt,Entire apartment,nan,0.0,0.0,0,0,1.0,0.0,0.0,0.0,1.0,1.0,1.0,1.0,0.0,0.0,1.0,0.0,0.0,1.0,0.0,1.0,POINT (60.19367 24.95336)
9.0,True,False,4.9,1.0,1.0,2.0,True,CANCEL_MODERATE,9/10,Helsinki,33,9/10,9/10,False,False,True,60.16559,9/10,24.93545,1125,1,0.9,Kamppi,5,8,360,80-94/100,52,Entire home/apt,Entire condominium,0-8/10,60.0,0.92,11,326,1.0,0.0,0.0,0.0,0.0,1.0,1.0,1.0,0.0,0.0,0.0,0.0,1.0,1.0,0.0,0.0,POINT (60.16559 24.93545)
9.0,True,False,0.0,1.0,1.0,4.0,False,CANCEL_MODERATE,9/10,Helsinki,5,9/10,9/10,False,True,False,60.18356,9/10,24.95237,1125,1,1.0,Kruununhaka,2,11,76,80-94/100,0,Shared room,Shared room,0-8/10,60.0,1.0,22,0,0.0,0.0,0.0,0.0,1.0,0.0,0.0,1.0,1.0,0.0,0.0,0.0,0.0,0.0,0.0,0.0,POINT (60.18356 24.95237)
9.0,True,False,4.44,1.0,1.0,3.0,True,CANCEL_STRICT_14_WITH_GRACE_PERIOD,9/10,Helsingfors,0,9/10,9/10,False,False,False,60.23242,9/10,24.87526,1125,1,0.0,,3,11,118,80-94/100,9,Entire home/apt,Entire apartment,0-8/10,60.0,0.0,0,0,0.0,0.0,0.0,0.0,1.0,0.0,0.0,1.0,0.0,0.0,0.0,0.0,0.0,1.0,1.0,1.0,POINT (60.23242 24.87526)
9.0,True,False,4.33,1.5,3.0,2.0,True,CANCEL_FLEXIBLE,9/10,Helsinki,0,9/10,9/10,False,False,False,60.15812,9/10,24.92003,1125,1,0.75,,8,25,288,80-94/100,12,Entire home/apt,Entire condominium,0-8/10,60.0,0.85,22,0,1.0,0.0,0.0,0.0,1.0,0.0,0.0,1.0,1.0,1.0,1.0,0.0,1.0,1.0,0.0,0.0,POINT (60.15812 24.92003)
9.0,True,False,4.74,1.0,2.0,3.0,False,CANCEL_STRICT_14_WITH_GRACE_PERIOD,9/10,Helsinki,65,9/10,9/10,False,False,True,60.1595,9/10,24.94203,1125,1,0.0,Punavuori,6,10,128,80-94/100,19,Entire home/apt,Entire apartment,0-8/10,60.0,0.0,16,272,0.0,1.0,0.0,0.0,1.0,1.0,1.0,1.0,1.0,0.0,0.0,0.0,0.0,1.0,1.0,0.0,POINT (60.1595 24.94203)
9.0,True,False,3.4,1.0,0.0,2.0,True,CANCEL_STRICT_14_WITH_GRACE_PERIOD,9/10,Helsingfors,0,9/10,9/10,False,False,False,60.23242,9/10,24.87526,1125,1,0.0,,2,8,98,80-94/100,5,Entire home/apt,Entire apartment,0-8/10,60.0,0.0,0,0,0.0,0.0,0.0,0.0,1.0,0.0,0.0,1.0,0.0,0.0,0.0,0.0,0.0,1.0,1.0,1.0,POINT (60.23242 24.87526)
9.0,True,False,0.0,1.5,1.0,1.0,True,CANCEL_FLEXIBLE,9/10,Helsinki,0,9/10,9/10,False,True,False,60.23222,9/10,24.90036,3,1,0.0,,2,10,26,80-94/100,0,Private room,Private room,0-8/10,60.0,0.0,0,0,0.0,0.0,0.0,0.0,0.0,0.0,0.0,0.0,1.0,0.0,1.0,0.0,0.0,0.0,0.0,0.0,POINT (60.23222 24.90036)
9.0,True,False,4.92,1.5,1.0,2.0,True,CANCEL_STRICT_14_WITH_GRACE_PERIOD,9/10,Helsinki,38,9/10,9/10,False,False,True,60.17478000000001,9/10,24.92282,1125,1,0.6,Etu-Töölö,2,46,147,80-94/100,24,Private room,Private room,0-8/10,60.0,0.9,0,217,0.0,0.0,0.0,0.0,0.0,0.0,0.0,1.0,1.0,0.0,0.0,0.0,0.0,1.0,0.0,0.0,POINT (60.17478000000001 24.92282)
9.0,True,False,4.84,1.0,1.0,1.0,False,CANCEL_FLEXIBLE,9/10,Helsinki,43,9/10,9/10,False,False,False,60.15821,9/10,24.93589,1125,1,0.85,Punavuori,3,19,154,80-94/100,135,Entire home/apt,Entire apartment,0-8/10,60.0,0.95,22,0,0.0,0.0,0.0,0.0,1.0,1.0,1.0,1.0,0.0,1.0,1.0,1.0,1.0,1.0,1.0,0.0,POINT (60.15821 24.93589)
9.0,True,False,4.33,1.0,1.0,3.0,True,CANCEL_FLEXIBLE,9/10,Helsinki,0,9/10,9/10,False,False,False,60.17243000000001,9/10,25.02183,28,1,0.7,,2,25,77,80-94/100,3,Private room,Private room,0-8/10,60.0,0.9,0,0,0.0,0.0,1.0,0.0,1.0,0.0,0.0,1.0,0.0,0.0,1.0,0.0,1.0,1.0,0.0,0.0,POINT (60.17243000000001 25.02183)
9.0,True,False,0.0,1.0,1.0,1.0,True,CANCEL_FLEXIBLE,9/10,Helsingfors,38,9/10,9/10,False,True,True,60.15873000000001,9/10,24.93438,1125,1,0.0,Punavuori,4,17,160,80-94/100,0,Entire home/apt,Entire apartment,0-8/10,60.0,0.0,0,0,1.0,0.0,0.0,0.0,1.0,0.0,0.0,1.0,0.0,0.0,0.0,0.0,0.0,1.0,0.0,1.0,POINT (60.15873000000001 24.93438)
9.0,True,False,4.79,1.5,1.0,2.0,False,CANCEL_STRICT_14_WITH_GRACE_PERIOD,9/10,Helsingfors,11,9/10,9/10,False,False,False,60.17863000000001,9/10,24.94906,10,1,0.0,Kluuvi,3,16,90,80-94/100,84,Private room,Private room,0-8/10,60.0,0.0,11,0,0.0,0.0,0.0,0.0,0.0,0.0,0.0,1.0,1.0,0.0,0.0,0.0,0.0,1.0,0.0,0.0,POINT (60.17863000000001 24.94906)
9.0,True,False,4.79,2.5,4.0,6.0,True,CANCEL_STRICT_14_WITH_GRACE_PERIOD,9/10,Helsinki,65,9/10,9/10,False,False,True,60.16109,9/10,24.94124,1125,1,0.95,Punavuori,8,34,450,80-94/100,161,Entire home/apt,Entire apartment,0-8/10,60.0,0.95,0,0,1.0,0.0,1.0,1.0,1.0,1.0,1.0,1.0,1.0,1.0,1.0,0.0,1.0,1.0,1.0,0.0,POINT (60.16109 24.94124)
8.0,True,False,0.0,1.0,1.0,1.0,True,CANCEL_FLEXIBLE,0-8/10,Helsingfors,11,0-8/10,0-8/10,False,False,False,60.15908,0-8/10,24.94589,1125,1,0.0,Ullanlinna,3,8,141,0-79/100,1,Entire home/apt,Entire house,0-8/10,7.0,0.0,0,0,0.0,0.0,0.0,0.0,1.0,0.0,0.0,1.0,1.0,0.0,0.0,0.0,0.0,1.0,0.0,0.0,POINT (60.15908 24.94589)
8.0,True,False,4.52,1.0,3.0,6.0,False,CANCEL_FLEXIBLE,0-8/10,Helsinki,43,0-8/10,0-8/10,False,False,False,60.17208,0-8/10,24.92837,1125,1,0.75,Etu-Töölö,8,26,256,0-79/100,132,Entire home/apt,Entire apartment,0-8/10,7.0,0.85,16,109,0.0,0.0,0.0,0.0,1.0,1.0,0.0,1.0,1.0,0.0,1.0,0.0,1.0,1.0,0.0,0.0,POINT (60.17208 24.92837)
8.0,True,False,0.0,1.5,1.0,1.0,False,CANCEL_FLEXIBLE,0-8/10,Helsingfors,0,0-8/10,0-8/10,False,False,False,60.23283000000001,0-8/10,24.87809,7,1,0.56,,4,10,56,0-79/100,1,Private room,Private room,0-8/10,7.0,0.82,12,0,1.0,1.0,0.0,1.0,0.0,1.0,1.0,1.0,0.0,0.0,1.0,0.0,0.0,1.0,1.0,0.0,POINT (60.23283000000001 24.87809)
8.0,True,False,4.87,1.0,1.0,1.0,False,CANCEL_FLEXIBLE,0-8/10,Helsinki,22,0-8/10,0-8/10,False,False,True,60.2038,0-8/10,24.86908,1125,1,1.0,,2,10,65,0-79/100,31,Private room,Private room,0-8/10,7.0,1.0,0,326,1.0,1.0,0.0,1.0,1.0,1.0,1.0,1.0,1.0,0.0,0.0,0.0,1.0,1.0,1.0,0.0,POINT (60.2038 24.86908)
8.0,True,False,4.6,1.0,0.0,1.0,True,CANCEL_MODERATE,0-8/10,Helsinki,16,0-8/10,0-8/10,False,False,True,60.16776,0-8/10,24.93312,1125,1,0.0,Kamppi,4,9,146,0-79/100,15,Entire home/apt,Entire apartment,0-8/10,7.0,0.0,16,272,0.0,0.0,0.0,0.0,0.0,0.0,0.0,0.0,1.0,0.0,0.0,0.0,1.0,1.0,0.0,1.0,POINT (60.16776 24.93312)
8.0,True,False,0.0,1.0,2.0,0.0,True,CANCEL_FLEXIBLE,0-8/10,Helsinki,0,0-8/10,0-8/10,False,True,False,60.23939,0-8/10,24.85012,365,1,0.9,,6,7,96,0-79/100,0,Entire home/apt,Entire apartment,0-8/10,7.0,0.95,0,0,0.0,0.0,0.0,0.0,1.0,0.0,0.0,1.0,1.0,0.0,1.0,0.0,0.0,1.0,0.0,0.0,POINT (60.23939 24.85012)
8.0,True,False,5.0,1.0,0.0,2.0,False,CANCEL_FLEXIBLE,0-8/10,Helsinki,0,0-8/10,0-8/10,False,False,False,60.18768000000001,0-8/10,24.95403,1125,1,0.0,,4,10,128,0-79/100,5,Entire home/apt,Entire apartment,0-8/10,7.0,0.0,0,0,0.0,0.0,0.0,1.0,1.0,0.0,0.0,0.0,1.0,0.0,1.0,0.0,0.0,1.0,1.0,0.0,POINT (60.18768000000001 24.95403)
